,name,team,position,total_points,minutes,goals_scored,assists,clean_sheets,saves,penalties_saved,penalties_missed,goals_conceded,own_goals,yellow_cards,red_cards,value,PV-ratio
0,Erling Haaland,Man City,FWD,247,2404,34,8,11,0,0,0,24,0,6,0,122,2.0245901639344264
1,Harry Kane,Spurs,FWD,219,3046,24,8,10,0,0,1,54,0,5,0,118,1.8559322033898304
2,Gabriel Martinelli Silva,Arsenal,MID,200,2750,16,9,13,0,0,0,34,0,3,0,65,3.076923076923077
3,Martin Ødegaard,Arsenal,MID,193,2809,13,9,11,0,0,0,37,0,4,0,70,2.757142857142857
4,Bukayo Saka,Arsenal,MID,193,2875,14,12,11,0,0,1,39,0,7,0,84,2.2976190476190474
5,Mohamed Salah,Liverpool,MID,191,2850,16,8,10,0,0,2,38,0,2,0,126,1.5158730158730158
6,Marcus Rashford,Man Utd,MID,191,2523,17,6,12,0,0,0,35,0,3,0,73,2.6164383561643834
7,Ivan Toney,Brentford,FWD,185,2863,20,5,11,0,0,1,40,0,9,0,77,2.4025974025974026
8,Kieran Trippier,Newcastle,DEF,183,2892,1,7,16,0,0,0,24,0,6,0,61,3.0
9,Kevin De Bruyne,Man City,MID,179,2345,7,18,10,0,0,0,22,0,2,0,124,1.4435483870967742
10,Ollie Watkins,Aston Villa,FWD,164,2773,14,8,13,0,0,0,36,0,2,0,71,2.3098591549295775
11,David Raya Martin,Brentford,GK,153,3060,0,0,11,141,0,0,43,1,1,0,47,3.25531914893617
12,Miguel Almirón Rejala,Newcastle,MID,147,2185,11,3,15,0,0,0,18,0,2,0,56,2.625
13,Solly March,Brighton,MID,145,2680,6,10,10,0,0,0,43,0,3,0,51,2.843137254901961
14,José Malheiro de Sá,Wolves,GK,143,3060,0,0,10,106,2,0,45,0,2,0,50,2.86
15,Nick Pope,Newcastle,GK,143,2901,0,0,14,77,1,0,26,0,3,1,55,2.6
16,Benjamin White,Arsenal,DEF,140,2663,2,5,13,0,0,0,30,0,5,0,47,2.978723404255319
17,Bruno Borges Fernandes,Man Utd,MID,140,2789,5,9,15,0,0,0,36,0,6,0,99,1.4141414141414141
18,Alisson Ramses Becker,Liverpool,GK,136,2970,0,1,11,94,1,0,40,0,0,0,54,2.5185185185185186
19,Fabian Schär,Newcastle,DEF,135,2757,1,3,15,0,0,0,21,0,5,0,52,2.5961538461538463
20,Eberechi Eze,Crystal Palace,MID,133,2254,8,4,9,0,0,0,28,0,3,0,54,2.462962962962963
21,Son Heung-min,Spurs,MID,133,2543,9,4,8,0,0,0,47,0,1,0,116,1.146551724137931
22,David De Gea Quintana,Man Utd,GK,133,2880,0,0,15,85,0,0,39,0,0,0,50,2.66
23,Gabriel dos Santos Magalhães,Arsenal,DEF,129,3055,3,0,12,0,0,0,40,0,5,0,52,2.480769230769231
24,Trent Alexander-Arnold,Liverpool,DEF,128,2467,1,10,7,0,0,0,37,0,4,0,73,1.7534246575342465
25,Tyrone Mings,Aston Villa,DEF,128,2790,1,3,13,0,0,0,35,1,5,0,43,2.9767441860465116
26,Pascal Groß,Brighton,MID,127,2722,6,7,9,0,0,0,44,1,4,0,55,2.309090909090909
27,Andreas Hoelgebaum Pereira,Fulham,MID,127,2729,4,11,8,0,0,0,39,0,8,0,44,2.8863636363636362
28,Ben Mee,Brentford,DEF,126,2909,3,1,11,0,0,0,37,0,2,0,50,2.52
29,Jarrod Bowen,West Ham,MID,125,2946,5,8,8,0,0,1,45,0,2,0,80,1.5625
30,Douglas Luiz Soares de Paulo,Aston Villa,MID,124,2563,5,6,13,0,0,0,31,0,5,1,48,2.5833333333333335
31,Michael Olise,Crystal Palace,MID,123,2381,2,10,8,0,0,0,31,0,2,0,54,2.2777777777777777
32,Kaoru Mitoma,Brighton,MID,123,1804,8,7,6,0,0,0,28,0,0,0,54,2.2777777777777777
33,Emiliano Martínez Romero,Aston Villa,GK,123,2689,0,0,11,84,1,0,33,1,6,0,49,2.510204081632653
34,Aaron Ramsdale,Arsenal,GK,122,3060,0,0,12,85,0,0,40,0,1,0,49,2.489795918367347
35,Jack Harrison,Leeds,MID,121,2405,4,8,7,0,0,0,44,1,2,0,58,2.086206896551724
36,Granit Xhaka,Arsenal,MID,121,2707,5,5,11,0,0,0,34,0,4,0,49,2.4693877551020407
37,James Ward-Prowse,Southampton,MID,121,3015,8,2,4,0,0,2,58,2,5,0,62,1.9516129032258065
38,Mathias Jensen,Brentford,MID,121,2572,5,6,9,0,0,0,37,0,5,0,48,2.5208333333333335
39,James Maddison,Leicester,MID,119,2074,9,7,4,0,0,0,43,0,8,0,81,1.4691358024691359
40,Emiliano Buendía Stati,Aston Villa,MID,118,2217,6,3,11,0,0,0,31,0,0,0,57,2.0701754385964914
41,Bryan Mbeumo,Brentford,FWD,118,2515,6,7,8,0,0,0,36,0,4,0,58,2.0344827586206895
42,William Saliba,Arsenal,DEF,118,2505,2,1,12,0,0,0,27,1,4,0,53,2.2264150943396226
43,Harvey Barnes,Leicester,MID,117,2445,10,2,6,0,0,0,43,0,2,0,67,1.7462686567164178
44,Philip Billing,Bournemouth,MID,117,2511,7,1,9,0,0,0,50,0,5,0,51,2.2941176470588234
45,Bernd Leno,Fulham,GK,117,2790,0,0,7,121,0,0,42,0,3,0,45,2.6
46,Dominic Solanke,Bournemouth,FWD,116,2508,5,10,8,0,0,0,46,0,2,0,55,2.109090909090909
47,Morgan Gibbs-White,Nott'm Forest,MID,116,2613,4,8,6,0,0,0,52,0,3,0,55,2.109090909090909
48,Callum Wilson,Newcastle,FWD,116,1524,13,5,9,0,0,0,12,0,4,0,70,1.6571428571428573
49,Pierre-Emile Højbjerg,Spurs,MID,115,2948,4,5,9,0,0,0,53,0,5,0,55,2.090909090909091
50,Dan Burn,Newcastle,DEF,115,2743,0,0,14,0,0,0,24,0,4,0,46,2.5
51,Jack Grealish,Man City,MID,115,1945,5,9,9,0,0,0,16,0,3,0,68,1.6911764705882353
52,Sven Botman,Newcastle,DEF,115,2677,0,1,13,0,0,0,23,0,2,0,45,2.5555555555555554
53,Joe Willock,Newcastle,MID,115,2306,3,6,13,0,0,0,20,0,1,0,47,2.4468085106382977
54,Phil Foden,Man City,MID,114,1405,9,6,3,0,0,0,13,0,1,0,80,1.425
55,Lukasz Fabianski,West Ham,GK,113,2661,0,0,8,92,1,0,38,0,1,0,50,2.26
56,Joelinton Cássio Apolinário de Lira,Newcastle,MID,111,2400,6,5,12,0,0,0,20,0,11,0,59,1.88135593220339
57,Rodrigo Moreno,Leeds,MID,111,1691,11,1,6,0,0,0,33,0,4,0,63,1.7619047619047619
58,Brennan Johnson,Nott'm Forest,FWD,110,2756,8,3,6,0,0,2,52,0,6,0,57,1.9298245614035088
59,Alexis Mac Allister,Brighton,MID,109,2335,8,1,8,0,0,0,35,1,7,0,54,2.0185185185185186
60,Kepa Arrizabalaga,Chelsea,GK,109,2205,0,0,9,77,0,0,24,0,1,0,47,2.3191489361702127
61,Ederson Santana de Moraes,Man City,GK,109,2880,0,1,10,40,0,0,30,0,2,0,54,2.0185185185185186
62,Andrew Robertson,Liverpool,DEF,107,2284,0,8,7,0,0,0,31,0,3,0,68,1.5735294117647058
63,Rúben da Silva Neves,Wolves,MID,107,2708,6,1,8,0,0,0,39,0,11,0,54,1.9814814814814814
64,Jacob Ramsey,Aston Villa,MID,106,2184,4,6,11,0,0,0,28,1,4,0,52,2.0384615384615383
65,Alex Iwobi,Everton,MID,106,3019,1,7,8,0,0,0,50,0,2,0,54,1.962962962962963
66,Vicente Guaita,Crystal Palace,GK,106,2520,0,0,7,87,0,0,34,0,1,0,44,2.409090909090909
67,Ezri Konsa Ngoyo,Aston Villa,DEF,106,2953,0,0,13,0,0,0,40,0,6,0,44,2.409090909090909
68,Timothy Castagne,Leicester,DEF,105,2895,2,4,7,0,0,0,54,0,3,0,44,2.3863636363636362
69,Luke Shaw,Man Utd,DEF,105,2147,1,4,10,0,0,0,33,0,6,0,54,1.9444444444444444
70,Max Kilman,Wolves,DEF,104,3060,0,1,10,0,0,0,45,0,3,0,44,2.3636363636363638
71,Jordan Pickford,Everton,GK,104,2970,0,1,7,113,0,0,51,0,5,0,44,2.3636363636363638
72,Virgil van Dijk,Liverpool,DEF,103,2475,3,0,8,0,0,0,33,0,2,0,65,1.5846153846153845
73,Rico Henry,Brentford,DEF,103,2930,0,3,10,0,0,0,43,0,1,0,45,2.2888888888888888
74,Gabriel Fernando de Jesus,Arsenal,FWD,101,1632,9,6,7,0,0,0,20,0,5,0,79,1.2784810126582278
75,Declan Rice,West Ham,MID,101,2970,3,3,8,0,0,1,45,0,5,0,47,2.148936170212766
76,Riyad Mahrez,Man City,MID,100,1398,5,8,3,0,0,0,20,0,2,0,78,1.2820512820512822
77,Bernardo Veiga de Carvalho e Silva,Man City,MID,100,2087,4,6,6,0,0,0,24,0,5,0,68,1.4705882352941178
78,Tim Ream,Fulham,DEF,99,2967,1,0,8,0,0,0,44,0,2,0,46,2.152173913043478
79,Rodrigo Hernandez,Man City,MID,98,2631,2,6,9,0,0,0,25,0,5,0,56,1.75
80,Darwin Núñez Ribeiro,Liverpool,FWD,97,1611,9,5,5,0,0,0,21,0,1,1,87,1.1149425287356323
81,Ilkay Gündogan,Man City,MID,97,2007,4,5,9,0,0,0,17,0,0,0,73,1.3287671232876712
82,Jordan Ayew,Crystal Palace,MID,97,2338,4,2,8,0,0,0,34,0,3,0,53,1.830188679245283
83,Lewis Dunk,Brighton,DEF,97,2790,1,2,9,0,0,0,44,1,2,0,47,2.0638297872340425
84,Illan Meslier,Leeds,GK,97,3060,0,0,6,96,0,0,63,0,4,0,45,2.1555555555555554
85,Che Adams,Southampton,FWD,96,1989,5,6,4,0,0,0,37,0,1,0,62,1.5483870967741935
86,Dwight McNeil,Everton,MID,96,2040,5,3,4,0,0,0,39,0,5,0,51,1.8823529411764706
87,Kai Havertz,Chelsea,FWD,96,2305,7,1,9,0,0,0,27,0,4,0,77,1.2467532467532467
88,Eric Dier,Spurs,DEF,95,2724,2,1,9,0,0,0,48,0,3,0,51,1.8627450980392157
89,Demarai Gray,Everton,MID,95,2446,5,1,6,0,0,0,40,0,3,0,53,1.7924528301886793
90,Danny Ward,Leicester,GK,94,2430,0,0,6,82,1,0,48,0,0,0,40,2.35
91,Marcus Tavernier,Bournemouth,MID,94,1740,5,4,5,0,0,0,37,0,1,0,47,2.0
92,James Tarkowski,Everton,DEF,93,3060,1,1,8,0,0,0,51,0,7,0,43,2.1627906976744184
93,Bruno Guimarães Rodriguez Moura,Newcastle,MID,93,2277,3,5,12,0,0,0,18,0,5,0,55,1.690909090909091
94,Leon Bailey,Aston Villa,MID,93,1796,4,4,8,0,0,0,31,0,4,0,44,2.1136363636363638
95,Sean Longstaff,Newcastle,MID,93,2514,1,5,13,0,0,0,18,0,2,0,43,2.1627906976744184
96,Saïd Benrahma,West Ham,MID,92,1915,5,3,5,0,0,0,30,0,0,0,55,1.6727272727272726
97,Oleksandr Zinchenko,Arsenal,DEF,92,2049,1,2,9,0,0,0,27,0,3,0,51,1.803921568627451
98,Harrison Reed,Fulham,MID,92,2555,3,2,8,0,0,0,40,1,5,0,44,2.090909090909091
99,Roberto Firmino,Liverpool,FWD,92,1128,9,4,4,0,0,0,14,0,0,0,80,1.15
100,Ethan Pinnock,Brentford,DEF,91,2340,2,0,9,0,0,0,31,1,0,0,44,2.0681818181818183
101,Gavin Bazunu,Southampton,GK,91,2970,0,0,4,70,2,0,58,0,0,0,45,2.022222222222222
102,Aleksandar Mitrović,Fulham,FWD,90,1906,11,2,7,0,0,4,27,0,6,0,69,1.3043478260869565
103,Pervis Estupiñán,Brighton,DEF,90,2089,0,5,7,0,0,0,36,0,3,0,47,1.9148936170212767
104,Hugo Lloris,Spurs,GK,90,2295,0,0,7,81,0,0,41,1,0,0,55,1.6363636363636365
105,Ben Davies,Spurs,DEF,90,1931,2,3,8,0,0,0,26,0,4,0,48,1.875
106,Diogo Dalot Teixeira,Man Utd,DEF,89,1879,1,2,9,0,0,0,32,0,5,0,47,1.8936170212765957
107,Wilfried Zaha,Crystal Palace,MID,89,2156,6,2,6,0,0,2,30,0,4,0,72,1.2361111111111112
108,Marc Guéhi,Crystal Palace,DEF,89,2970,1,0,9,0,0,0,39,1,8,0,44,2.022727272727273
109,Ashley Young,Aston Villa,DEF,89,1867,1,0,10,0,0,0,24,0,5,0,44,2.022727272727273
110,Daniel Castelo Podence,Wolves,MID,89,1697,6,1,5,0,0,0,29,0,5,0,53,1.679245283018868
111,Joël Veltman,Brighton,DEF,89,1986,1,1,9,0,0,0,26,0,3,0,46,1.934782608695652
112,Ivan Perišić,Spurs,DEF,89,2091,1,7,6,0,0,0,42,0,6,0,55,1.6181818181818182
113,Yoane Wissa,Brentford,MID,88,1335,5,3,5,0,0,0,16,0,2,0,53,1.6603773584905661
114,John McGinn,Aston Villa,MID,88,2319,1,6,11,0,0,0,26,0,5,0,51,1.7254901960784315
115,Willian Borges da Silva,Fulham,MID,87,1800,3,5,8,0,0,0,16,0,2,0,55,1.5818181818181818
116,Lucas Tolentino Coelho de Lima,West Ham,MID,87,1827,4,4,5,0,0,0,31,0,4,0,59,1.4745762711864407
117,Kiernan Dewsbury-Hall,Leicester,MID,87,2311,3,3,6,0,0,0,43,0,3,1,49,1.7755102040816326
118,Bobby De Cordova-Reid,Fulham,MID,86,2401,4,1,8,0,0,0,37,0,8,0,55,1.5636363636363637
119,Kurt Zouma,West Ham,DEF,86,1925,2,1,7,0,0,0,27,0,0,0,44,1.9545454545454546
120,Norberto Murara Neto,Bournemouth,GK,84,2025,0,0,6,86,0,0,32,0,4,0,45,1.8666666666666667
121,John Stones,Man City,DEF,84,1638,2,2,6,0,0,0,16,1,2,0,54,1.5555555555555556
122,Dean Henderson,Nott'm Forest,GK,84,1710,0,0,6,55,2,0,32,0,2,0,46,1.826086956521739
123,Mason Mount,Chelsea,MID,84,1716,3,4,8,0,0,0,22,0,4,0,73,1.1506849315068493
124,Dejan Kulusevski,Spurs,MID,84,1818,2,6,7,0,0,0,34,0,2,0,79,1.0632911392405062
125,Christian Eriksen,Man Utd,MID,83,1700,1,7,10,0,0,0,24,0,3,0,63,1.3174603174603174
126,Jeffrey Schlupp,Crystal Palace,MID,83,2455,2,2,10,0,0,0,34,0,6,0,47,1.7659574468085106
127,Robert Sánchez,Brighton,GK,83,2160,0,0,6,51,1,0,34,0,2,0,46,1.8043478260869565
128,João Palhinha Gonçalves,Fulham,MID,82,2672,4,0,8,0,0,0,34,1,12,0,49,1.6734693877551021
129,Raheem Sterling,Chelsea,MID,82,1612,5,2,5,0,0,0,21,0,4,0,97,0.845360824742268
130,Brenden Aaronson,Leeds,MID,82,2383,1,4,6,0,0,0,54,0,2,0,54,1.5185185185185186
131,Lisandro Martínez,Man Utd,DEF,81,2113,1,0,9,0,0,0,33,0,6,0,45,1.8
132,Antonee Robinson,Fulham,DEF,81,2638,0,1,8,0,0,0,35,0,7,0,44,1.8409090909090908
133,Alexander Isak,Newcastle,FWD,81,983,10,0,3,0,0,0,13,0,2,0,66,1.2272727272727273
134,Jefferson Lerma Solís,Bournemouth,MID,81,2892,3,0,7,0,0,0,61,1,6,0,48,1.6875
135,Tomas Soucek,West Ham,MID,80,2492,1,2,7,0,0,0,35,0,2,0,51,1.5686274509803921
136,Thomas Partey,Arsenal,MID,80,2329,3,0,10,0,0,0,26,0,5,0,47,1.702127659574468
137,Tyrick Mitchell,Crystal Palace,DEF,79,2439,0,2,7,0,0,0,33,0,5,1,44,1.7954545454545454
138,Jadon Sancho,Man Utd,MID,78,1246,5,2,10,0,0,0,15,0,0,0,71,1.0985915492957747
139,Emerson Leite de Souza Junior,Spurs,DEF,77,1395,2,2,6,0,0,0,22,0,2,1,49,1.5714285714285714
140,Kelechi Iheanacho,Leicester,FWD,77,1010,5,4,0,0,0,0,23,0,0,0,61,1.2622950819672132
141,Christian Nørgaard,Brentford,MID,77,1853,1,7,7,0,0,0,23,0,6,0,53,1.4528301886792452
142,Kenny Tete,Fulham,DEF,76,2209,0,5,6,0,0,0,28,0,7,0,44,1.7272727272727273
143,Josh Dasilva,Brentford,MID,76,1355,4,2,6,0,0,0,17,0,1,0,41,1.853658536585366
144,Kalidou Koulibaly,Chelsea,DEF,75,1879,2,1,6,0,0,0,23,0,5,1,55,1.3636363636363635
145,Vitaly Janelt,Brentford,MID,75,1811,3,1,6,0,0,0,25,0,2,0,55,1.3636363636363635
146,Julián Álvarez,Man City,FWD,75,904,7,2,2,0,0,0,13,0,0,0,60,1.25
147,Thiago Emiliano da Silva,Chelsea,DEF,75,1991,0,2,6,0,0,0,25,0,1,0,55,1.3636363636363635
148,Joachim Andersen,Crystal Palace,DEF,74,2422,1,0,8,0,0,0,30,2,8,0,45,1.6444444444444444
149,Matheus Luiz Nunes,Wolves,MID,74,2222,1,1,10,0,0,0,27,0,1,1,48,1.5416666666666667
150,Nélson Cabral Semedo,Wolves,DEF,74,2292,0,1,8,0,0,0,31,0,10,1,50,1.48
151,Vitalii Mykolenko,Everton,DEF,74,2563,0,1,7,0,0,0,44,0,4,0,43,1.7209302325581395
152,Jamie Vardy,Leicester,FWD,73,1586,2,5,3,0,0,0,29,0,1,0,91,0.8021978021978022
153,João Cancelo,Man City,DEF,73,1273,2,2,6,0,0,0,16,0,3,1,71,1.028169014084507
154,Youri Tielemans,Leicester,MID,73,1953,3,2,5,0,0,1,39,0,4,0,61,1.1967213114754098
155,Jacob Murphy,Newcastle,MID,73,1070,4,2,3,0,0,0,10,0,0,0,42,1.7380952380952381
156,Manuel Akanji,Man City,DEF,72,2035,0,1,6,0,0,0,22,0,2,0,50,1.44
157,Romain Perraud,Southampton,DEF,72,1841,2,2,4,0,0,0,36,1,4,0,41,1.7560975609756098
158,Michail Antonio,West Ham,FWD,72,1542,4,3,4,0,0,0,22,0,2,0,70,1.0285714285714285
159,Conor Coady,Everton,DEF,72,2060,1,1,6,0,0,0,29,0,2,0,49,1.469387755102041
160,Crysencio Summerville,Leeds,MID,72,1288,4,4,1,0,0,0,32,0,3,0,42,1.7142857142857142
161,Rodrigo Bentancur,Spurs,MID,71,1501,5,2,6,0,0,0,24,0,8,0,54,1.3148148148148149
162,Nathan Aké,Man City,DEF,70,1770,0,0,7,0,0,0,16,0,2,0,51,1.3725490196078431
163,Odsonne Edouard,Crystal Palace,FWD,70,1608,4,2,5,0,0,0,22,0,3,0,51,1.3725490196078431
164,Antony Matheus dos Santos,Man Utd,MID,70,1528,4,1,10,0,0,0,20,0,4,0,73,0.958904109589041
165,Joseph Gomez,Liverpool,DEF,69,1375,0,0,8,0,0,0,12,0,3,0,43,1.6046511627906976
166,Amadou Onana,Everton,MID,69,2368,1,2,8,0,0,0,37,0,9,0,48,1.4375
167,Adam Smith,Bournemouth,DEF,69,2673,0,1,7,0,0,0,54,0,9,0,43,1.6046511627906976
168,Raphaël Varane,Man Utd,DEF,69,1742,0,0,9,0,0,0,21,1,1,0,48,1.4375
169,Pascal Struijk,Leeds,DEF,69,2136,2,2,5,0,0,0,48,0,5,0,45,1.5333333333333334
170,Serge Aurier,Nott'm Forest,DEF,69,1610,2,0,5,0,0,0,25,0,2,0,45,1.5333333333333334
171,Danny Welbeck,Brighton,FWD,68,1486,4,4,5,0,0,0,22,0,0,0,65,1.0461538461538462
172,Eddie Nketiah,Arsenal,FWD,68,1108,5,2,2,0,0,0,16,0,2,0,68,1.0
173,Ben Chilwell,Chelsea,DEF,67,1238,2,3,4,0,0,0,15,0,3,0,58,1.1551724137931034
174,Marc Cucurella Saseta,Chelsea,DEF,67,1759,0,2,6,0,0,0,21,0,4,0,51,1.3137254901960784
175,Cody Gakpo,Liverpool,MID,67,1056,6,1,4,0,0,0,16,0,0,0,77,0.8701298701298701
176,Patson Daka,Leicester,FWD,67,1084,4,4,5,0,0,0,23,0,2,0,56,1.1964285714285714
177,Joel Ward,Crystal Palace,DEF,66,1893,0,0,8,0,0,0,28,0,5,0,44,1.5
178,Aaron Cresswell,West Ham,DEF,66,2030,0,1,5,0,0,0,28,0,3,0,47,1.4042553191489362
179,Cheick Doucouré,Crystal Palace,MID,66,2443,0,3,7,0,0,0,34,0,8,1,50,1.32
180,Rúben Gato Alves Dias,Man City,DEF,66,1727,0,0,7,0,0,0,15,0,3,0,59,1.11864406779661
181,Moisés Caicedo Corozo,Brighton,MID,65,2528,1,1,8,0,0,0,36,0,8,0,50,1.3
182,Alexandre Moreno Lopera,Aston Villa,DEF,65,1066,0,3,7,0,0,0,7,0,3,0,44,1.4772727272727273
183,Issa Diop,Fulham,DEF,65,1594,1,0,6,0,0,0,20,0,2,0,43,1.5116279069767442
184,Seamus Coleman,Everton,DEF,64,1629,1,0,5,0,0,0,23,0,1,0,44,1.4545454545454546
185,Marcos Senesi,Bournemouth,DEF,64,2219,2,0,5,0,0,0,51,0,6,0,44,1.4545454545454546
186,Idrissa Gueye,Everton,MID,63,2252,0,2,7,0,0,0,39,0,5,0,49,1.2857142857142858
187,Carlos Henrique Casimiro,Man Utd,MID,63,1606,2,3,8,0,0,0,18,0,6,2,49,1.2857142857142858
188,Marc Roca Junqué,Leeds,MID,63,2207,1,3,2,0,0,0,53,0,8,0,48,1.3125
189,Tyrell Malacia,Man Utd,DEF,63,1169,0,0,7,0,0,0,11,0,3,0,42,1.5
190,Taiwo Awoniyi,Nott'm Forest,FWD,63,1103,4,1,4,0,0,0,25,0,1,0,56,1.125
191,Adam Webster,Brighton,DEF,63,1694,0,0,7,0,0,0,22,1,1,0,45,1.4
192,Allan Saint-Maximin,Newcastle,MID,61,1015,1,6,4,0,0,0,12,0,1,0,61,1.0
193,Robin Koch,Leeds,DEF,60,2905,0,0,6,0,0,0,61,1,6,0,45,1.3333333333333333
194,Jordan Henderson,Liverpool,MID,60,1839,0,3,6,0,0,0,27,0,2,0,53,1.1320754716981132
195,Patrick Bamford,Leeds,FWD,59,1238,3,4,1,0,0,1,23,0,2,0,72,0.8194444444444444
196,Harvey Elliott,Liverpool,MID,59,1573,1,2,5,0,0,0,19,0,1,0,49,1.2040816326530612
197,Aaron Wan-Bissaka,Man Utd,DEF,59,1076,0,0,7,0,0,0,7,0,1,0,43,1.372093023255814
198,Adama Traoré Diarra,Wolves,MID,58,1317,2,3,1,0,0,0,25,0,0,0,54,1.0740740740740742
199,Thilo Kehrer,West Ham,DEF,58,1914,0,3,4,0,0,0,29,1,4,0,44,1.3181818181818181
200,João Filipe Iria Santos Moutinho,Wolves,MID,58,1844,0,2,7,0,0,0,28,0,3,0,47,1.2340425531914894
201,Diogo Teixeira da Silva,Liverpool,FWD,58,886,4,4,4,0,0,0,13,0,1,0,88,0.6590909090909091
202,Leandro Trossard,Arsenal,MID,56,635,1,8,3,0,0,0,11,0,0,0,66,0.8484848484848485
203,Cristian Romero,Spurs,DEF,56,2183,0,1,7,0,0,0,37,0,9,1,49,1.1428571428571428
204,Remo Freuler,Nott'm Forest,MID,56,2247,0,0,6,0,0,0,48,0,4,0,49,1.1428571428571428
205,Kyle Walker-Peters,Southampton,DEF,55,2290,1,0,3,0,0,0,44,0,3,0,44,1.25
206,Kieffer Moore,Bournemouth,FWD,55,1250,4,0,3,0,0,0,36,0,1,0,51,1.0784313725490196
207,Neco Williams,Nott'm Forest,DEF,55,1874,1,1,4,0,0,0,41,0,7,0,39,1.4102564102564104
208,Fabio Henrique Tavares,Liverpool,MID,55,2170,0,1,8,0,0,0,27,0,9,0,52,1.0576923076923077
209,Vladimir Coufal,West Ham,DEF,54,1894,0,2,4,0,0,0,29,0,5,0,41,1.3170731707317074
210,Clément Lenglet,Spurs,DEF,54,1751,0,2,4,0,0,0,31,0,4,0,48,1.125
211,Pablo Fornals Malla,West Ham,MID,54,1118,2,1,1,0,0,0,17,0,0,0,49,1.1020408163265305
212,Wout Faes,Leicester,DEF,54,2426,0,1,6,0,0,0,42,4,4,1,42,1.2857142857142858
213,Matty Cash,Aston Villa,DEF,54,1660,0,2,4,0,0,0,27,0,3,0,46,1.173913043478261
214,Ryan Christie,Bournemouth,MID,53,1474,1,1,3,0,0,0,28,0,2,0,53,1.0
215,Jaidon Anthony,Bournemouth,MID,53,1171,3,0,2,0,0,0,29,0,3,0,52,1.0192307692307692
216,Luke Ayling,Leeds,DEF,53,1667,1,1,4,0,0,0,33,0,4,0,45,1.1777777777777778
217,Luis Sinisterra Lucumí,Leeds,MID,53,863,5,0,0,0,0,0,23,0,1,1,65,0.8153846153846154
218,Mohamed Elyounoussi,Southampton,MID,53,2082,0,1,2,0,0,0,40,0,4,0,52,1.0192307692307692
219,Lucas Digne,Aston Villa,DEF,53,1420,1,0,4,0,0,0,24,1,4,0,46,1.1521739130434783
220,Daniel Amartey,Leicester,DEF,52,1698,0,0,5,0,0,0,29,0,1,0,41,1.2682926829268293
221,Joe Worrall,Nott'm Forest,DEF,52,1919,1,0,4,0,0,0,39,0,6,0,42,1.2380952380952381
222,Craig Dawson,Wolves,DEF,52,1099,1,0,5,0,0,0,11,0,2,0,48,1.0833333333333333
223,Lloyd Kelly,Bournemouth,DEF,52,1680,0,2,5,0,0,0,32,0,4,0,43,1.2093023255813953
224,Mads Roerslev Rasmussen,Brentford,DEF,51,1184,0,0,6,0,0,0,12,0,0,0,43,1.186046511627907
225,Frederico Rodrigues de Paula Santos,Man Utd,MID,50,1068,2,2,3,0,0,0,20,0,6,0,51,0.9803921568627451
226,Nathaniel Clyne,Crystal Palace,DEF,50,1728,0,0,4,0,0,0,23,0,3,0,45,1.1111111111111112
227,Tyler Adams,Leeds,MID,50,2246,0,0,6,0,0,0,36,0,4,1,49,1.0204081632653061
228,Evan Ferguson,Brighton,FWD,50,625,5,2,5,0,0,0,6,0,1,0,46,1.0869565217391304
229,Wilfried Gnonto,Leeds,FWD,49,1184,2,3,5,0,0,0,18,0,6,0,50,0.98
230,Conor Gallagher,Chelsea,MID,49,1209,2,1,4,0,0,0,14,0,8,1,57,0.8596491228070176
231,Armel Bella-Kotchap,Southampton,DEF,49,1844,0,2,3,0,0,0,36,0,4,0,45,1.0888888888888888
232,Adam Lallana,Brighton,MID,49,777,2,1,5,0,0,0,13,0,0,0,49,1.0
233,Lewis Cook,Bournemouth,MID,49,1644,0,2,3,0,0,0,38,0,3,0,49,1.0
234,Mateo Kovacic,Chelsea,MID,48,1573,1,1,4,0,0,0,22,0,7,0,49,0.9795918367346939
235,Nathan Collins,Wolves,DEF,48,1669,0,0,4,0,0,0,30,0,2,1,44,1.0909090909090908
236,Jordan Zemura,Bournemouth,DEF,48,1521,0,1,5,0,0,0,33,0,1,0,43,1.1162790697674418
237,Anthony Martial,Man Utd,FWD,47,714,4,3,5,0,0,0,8,0,0,0,64,0.734375
238,Adam Armstrong,Southampton,FWD,47,1253,1,1,1,0,0,0,20,0,2,0,54,0.8703703703703703
239,Abdoulaye Doucouré,Everton,MID,47,1078,2,2,3,0,0,0,20,0,5,1,53,0.8867924528301887
240,Roméo Lavia,Southampton,MID,47,1805,1,0,4,0,0,0,36,0,7,0,45,1.0444444444444445
241,Hugo Bueno López,Wolves,DEF,47,1216,0,1,4,0,0,0,19,0,1,0,39,1.205128205128205
242,Hwang Hee-chan,Wolves,MID,46,956,2,2,2,0,0,0,12,0,1,0,57,0.8070175438596491
243,Joe Ayodele-Aribo,Southampton,MID,46,1216,2,0,1,0,0,0,22,0,2,0,51,0.9019607843137255
244,Renan Augusto Lodi dos Santos,Nott'm Forest,DEF,46,1906,0,1,4,0,0,0,43,0,6,0,43,1.069767441860465
245,Jonathan Castro Otto,Wolves,DEF,46,1282,1,0,5,0,0,0,22,0,3,1,43,1.069767441860465
246,Ryan Yates,Nott'm Forest,MID,45,1581,0,3,4,0,0,0,30,0,5,0,50,0.9
247,Kyle Walker,Man City,DEF,45,1377,0,0,4,0,0,0,16,0,2,0,48,0.9375
248,James Justin,Leicester,DEF,45,1252,0,2,5,0,0,0,25,0,0,0,42,1.0714285714285714
249,Richarlison de Andrade,Spurs,FWD,44,821,0,5,2,0,0,0,15,0,2,0,84,0.5238095238095238
250,Reece James,Chelsea,DEF,44,1242,1,2,2,0,0,0,17,0,4,0,58,0.7586206896551724
251,Harry Wilson,Fulham,MID,43,638,2,1,1,0,0,0,7,0,1,0,57,0.7543859649122807
252,Rasmus Kristensen,Leeds,DEF,43,1527,2,1,2,0,0,0,38,0,4,0,48,0.8958333333333334
253,Aaron Hickey,Brentford,DEF,43,1500,0,2,3,0,0,0,27,0,6,0,49,0.8775510204081632
254,Carlos Vinícius Alves Morais,Fulham,FWD,43,766,2,1,0,0,0,0,14,0,3,0,54,0.7962962962962963
255,Gianluca Scamacca,West Ham,FWD,43,1011,3,0,3,0,0,0,14,0,3,0,66,0.6515151515151515
256,Stuart Armstrong,Southampton,MID,43,1152,1,1,1,0,0,0,26,0,5,0,47,0.9148936170212766
257,Chris Mepham,Bournemouth,DEF,42,2107,0,0,5,0,0,0,50,2,7,0,44,0.9545454545454546
258,Mathias Jorgensen,Brentford,DEF,42,995,0,1,4,0,0,0,14,1,1,0,40,1.05
259,Luis Díaz,Liverpool,MID,42,662,3,2,2,0,0,0,8,0,2,0,78,0.5384615384615384
260,Rayan Aït-Nouri,Wolves,DEF,42,1040,1,0,4,0,0,0,17,1,4,0,42,1.0
261,Nayef Aguerd,West Ham,DEF,42,1234,1,0,4,0,0,0,20,0,4,0,48,0.875
262,Konstantinos Tsimikas,Liverpool,DEF,42,643,0,4,3,0,0,0,8,0,2,0,44,0.9545454545454546
263,Trevoh Chalobah,Chelsea,DEF,41,1192,0,0,5,0,0,0,15,1,4,0,45,0.9111111111111111
264,Willy Boly,Nott'm Forest,DEF,41,683,0,2,3,0,0,0,9,0,2,0,42,0.9761904761904762
265,Boubacar Kamara,Aston Villa,MID,41,1656,0,1,4,0,0,0,27,0,4,0,48,0.8541666666666666
266,Scott McKenna,Nott'm Forest,DEF,40,1570,0,0,5,0,0,0,32,0,4,0,44,0.9090909090909091
267,Jean-Philippe Mateta,Crystal Palace,FWD,40,731,2,0,3,0,0,0,10,0,3,0,51,0.7843137254901961
268,Dango Ouattara,Bournemouth,MID,40,873,1,3,1,0,0,0,16,0,1,0,50,0.8
269,César Azpilicueta,Chelsea,DEF,40,1236,0,0,3,0,0,0,13,1,4,0,48,0.8333333333333334
270,Tosin Adarabioyo,Fulham,DEF,39,1545,1,0,2,0,0,0,29,0,3,0,45,0.8666666666666667
271,Liam Cooper,Leeds,DEF,39,1392,1,0,3,0,0,0,26,0,4,0,44,0.8863636363636364
272,Theo Walcott,Southampton,MID,39,810,2,1,2,0,0,0,17,0,1,0,48,0.8125
273,Emmanuel Dennis,Nott'm Forest,FWD,38,691,2,2,1,0,0,0,17,0,3,0,57,0.6666666666666666
274,Carlos Alcaraz,Southampton,MID,38,641,3,1,0,0,0,0,11,0,2,0,50,0.76
275,Reiss Nelson,Arsenal,MID,38,123,3,3,1,0,0,0,1,0,0,0,47,0.8085106382978723
276,Joel Matip,Liverpool,DEF,38,1091,1,0,3,0,0,0,17,1,3,0,59,0.6440677966101694
277,Fábio Ferreira Vieira,Arsenal,MID,38,465,1,2,2,0,0,0,5,0,0,0,56,0.6785714285714286
278,Christian Pulisic,Chelsea,MID,38,858,1,1,3,0,0,0,10,0,1,0,57,0.6666666666666666
279,Neal Maupay,Everton,FWD,38,1068,1,0,3,0,0,0,18,0,5,0,59,0.6440677966101694
280,Manor Solomon,Fulham,MID,38,481,4,0,0,0,0,0,9,0,0,0,49,0.7755102040816326
281,Jason Steele,Brighton,GK,38,630,0,1,3,16,1,0,10,0,1,0,39,0.9743589743589743
282,Orel Mangala,Nott'm Forest,MID,37,1199,1,0,3,0,0,0,19,0,3,0,49,0.7551020408163265
283,Neeskens Kebano,Fulham,MID,37,719,0,4,3,0,0,0,9,0,0,0,54,0.6851851851851852
284,Daniel James,Fulham,MID,37,599,2,1,0,0,0,0,16,0,0,0,60,0.6166666666666667
285,Ruben Loftus-Cheek,Chelsea,MID,37,1311,0,0,5,0,0,0,20,1,1,0,50,0.74
286,James Milner,Liverpool,MID,36,747,0,1,3,0,0,0,7,0,1,0,44,0.8181818181818182
287,Matt Doherty,Spurs,DEF,36,742,1,0,3,0,0,0,11,0,0,0,46,0.782608695652174
288,Ryan Sessegnon,Spurs,DEF,36,832,2,1,1,0,0,0,16,0,4,0,44,0.8181818181818182
289,Harry Maguire,Man Utd,DEF,36,660,0,0,5,0,0,0,6,0,4,0,47,0.7659574468085106
290,Ainsley Maitland-Niles,Southampton,MID,35,1298,0,1,3,0,0,0,25,0,3,0,48,0.7291666666666666
291,Mohammed Salisu,Southampton,DEF,34,2060,0,1,1,0,0,0,43,1,5,0,44,0.7727272727272727
292,Scott McTominay,Man Utd,MID,34,1118,1,0,4,0,0,0,19,0,7,0,49,0.6938775510204082
293,Oliver Skipp,Spurs,MID,34,1078,1,0,3,0,0,0,20,0,6,0,43,0.7906976744186046
294,Emerson Palmieri dos Santos,West Ham,DEF,34,1045,1,0,2,0,0,0,21,0,2,0,40,0.85
295,Angelo Ogbonna,West Ham,DEF,34,893,0,0,3,0,0,0,12,0,0,0,44,0.7727272727272727
296,Wilfred Ndidi,Leicester,MID,34,1492,0,0,0,0,0,0,36,0,4,0,48,0.7083333333333334
297,Matheus Santos Carneiro Da Cunha,Wolves,FWD,34,832,2,0,4,0,0,0,10,0,1,0,55,0.6181818181818182
298,Jack Stephens,Bournemouth,DEF,34,1172,0,0,4,0,0,0,22,0,3,0,43,0.7906976744186046
299,Wesley Fofana,Chelsea,DEF,33,872,1,0,2,0,0,0,10,0,3,0,43,0.7674418604651163
300,Boubakary Soumaré,Leicester,MID,33,1279,0,0,5,0,0,0,21,0,8,0,44,0.75
301,Philippe Coutinho Correia,Aston Villa,MID,33,789,1,0,3,0,0,0,9,0,3,0,66,0.5
302,Jesse Lingard,Nott'm Forest,MID,33,918,0,1,5,0,0,0,17,0,1,0,54,0.6111111111111112
303,Benoît Badiashile,Chelsea,DEF,32,724,0,0,4,0,0,0,6,0,1,0,50,0.64
304,Takehiro Tomiyasu,Arsenal,DEF,32,681,0,1,2,0,0,0,13,0,2,0,42,0.7619047619047619
305,Dennis Praet,Leicester,MID,32,588,1,1,2,0,0,0,7,0,1,0,48,0.6666666666666666
306,Kieran Tierney,Arsenal,DEF,32,631,0,1,1,0,0,0,9,0,0,0,46,0.6956521739130435
307,Thiago Alcántara do Nascimento,Liverpool,MID,32,1342,0,0,2,0,0,0,24,0,2,0,51,0.6274509803921569
308,Ibrahima Konaté,Liverpool,DEF,32,1101,0,0,4,0,0,0,18,1,1,0,48,0.6666666666666666
309,Enzo Fernández,Chelsea,MID,32,1027,0,2,3,0,0,0,13,0,1,0,50,0.64
310,Sékou Mara,Southampton,FWD,32,511,1,2,0,0,0,0,9,0,1,0,53,0.6037735849056604
311,Pedro Lomba Neto,Wolves,MID,31,752,0,2,4,0,0,0,8,0,1,0,49,0.6326530612244898
312,Alejandro Garnacho,Man Utd,MID,31,490,2,2,0,0,0,0,11,0,2,0,42,0.7380952380952381
313,Pedro Porro,Spurs,DEF,31,768,2,1,1,0,0,0,19,0,0,0,50,0.62
314,Fraser Forster,Spurs,GK,31,765,0,0,2,26,1,0,14,0,0,0,39,0.7948717948717948
315,Matt Targett,Newcastle,DEF,31,517,0,0,3,0,0,0,5,0,1,0,47,0.6595744680851063
316,Michael Keane,Everton,DEF,31,832,1,1,2,0,0,0,19,0,0,0,42,0.7380952380952381
317,Pontus Jansson,Brentford,DEF,30,723,1,0,2,0,0,0,14,0,0,0,42,0.7142857142857143
318,João Félix Sequeira,Chelsea,FWD,30,801,2,0,2,0,0,0,12,0,0,1,76,0.39473684210526316
319,Cheikhou Kouyaté,Nott'm Forest,MID,30,787,1,0,2,0,0,0,20,0,3,0,44,0.6818181818181818
320,Victor Lindelöf,Man Utd,DEF,30,729,0,0,3,0,0,0,12,0,1,0,41,0.7317073170731707
321,Diego Da Silva Costa,Wolves,FWD,30,1056,1,0,5,0,0,0,11,0,3,1,54,0.5555555555555556
322,Dominic Calvert-Lewin,Everton,FWD,30,969,1,0,4,0,0,0,17,0,2,0,79,0.379746835443038
323,Julio Enciso,Brighton,FWD,30,334,2,1,1,0,0,0,5,0,1,0,47,0.6382978723404256
324,Tom Cairney,Fulham,MID,30,586,0,1,0,0,0,0,7,0,2,0,47,0.6382978723404256
325,Joe Rothwell,Bournemouth,MID,29,820,0,1,3,0,0,0,11,0,1,0,49,0.5918367346938775
326,Gonçalo Manuel Ganchinho Guedes,Wolves,MID,29,703,1,1,2,0,0,0,12,0,1,0,58,0.5
327,Kristoffer Ajer,Brentford,DEF,29,763,0,0,4,0,0,0,14,0,0,0,45,0.6444444444444445
328,Nampalys Mendy,Leicester,MID,28,726,1,0,0,0,0,0,12,0,1,0,43,0.6511627906976745
329,Junior Firpo Adames,Leeds,DEF,28,1154,1,1,1,0,0,0,27,0,5,0,45,0.6222222222222222
330,Jan Bednarek,Southampton,DEF,28,1222,0,0,3,0,0,0,23,1,3,0,42,0.6666666666666666
331,Danny Ings,West Ham,FWD,28,522,2,0,3,0,0,0,8,0,0,0,64,0.4375
332,Keylor Navas,Nott'm Forest,GK,28,1170,0,0,1,36,0,0,25,0,2,0,45,0.6222222222222222
333,Duje Caleta-Car,Southampton,DEF,28,942,1,0,1,0,0,0,15,0,2,0,45,0.6222222222222222
334,Raúl Jiménez,Wolves,FWD,27,746,0,2,2,0,0,0,12,0,0,0,67,0.40298507462686567
335,Mark Travers,Bournemouth,GK,27,1035,0,0,2,35,0,0,33,0,0,0,42,0.6428571428571429
336,Nathan Patterson,Everton,DEF,27,1090,0,0,2,0,0,0,19,0,4,0,39,0.6923076923076923
337,Leander Dendoncker,Aston Villa,MID,27,618,0,0,3,0,0,0,9,0,0,0,47,0.574468085106383
338,Harry Toffolo,Nott'm Forest,DEF,27,878,0,0,2,0,0,0,15,0,2,0,43,0.627906976744186
339,Sam Greenwood,Leeds,FWD,27,328,1,2,0,0,0,0,9,0,1,0,41,0.6585365853658537
340,Ben Johnson,West Ham,DEF,26,740,0,0,2,0,0,0,9,0,0,0,44,0.5909090909090909
341,Levi Colwill,Brighton,DEF,26,890,0,0,2,0,0,0,19,0,0,0,44,0.5909090909090909
342,Fábio Freitas Gouveia Carvalho,Liverpool,MID,26,333,2,1,0,0,0,0,3,0,0,0,51,0.5098039215686274
343,Will Hughes,Crystal Palace,MID,26,553,0,1,0,0,0,0,8,0,4,0,48,0.5416666666666666
344,Mikkel Damsgaard,Brentford,MID,25,713,0,0,1,0,0,0,13,0,3,0,51,0.49019607843137253
345,Mario Lemina,Wolves,MID,25,937,0,1,4,0,0,0,15,0,2,1,45,0.5555555555555556
346,Pierre-Emerick Aubameyang,Chelsea,FWD,25,518,1,0,1,0,0,0,5,0,1,0,84,0.2976190476190476
347,Davinson Sánchez,Spurs,DEF,25,668,0,0,2,0,0,0,13,0,1,0,43,0.5813953488372093
348,Toti António Gomes,Wolves,DEF,25,687,0,0,3,0,0,0,10,0,5,0,39,0.6410256410256411
349,Mateus Cardoso Lemos Martins,Leicester,MID,25,658,1,0,0,0,0,0,12,0,0,0,55,0.45454545454545453
350,Sam Surridge,Nott'm Forest,FWD,25,304,1,0,0,0,0,0,4,0,2,0,47,0.5319148936170213
351,Moussa Djenepo,Southampton,MID,25,622,0,2,0,0,0,0,13,0,0,0,50,0.5
352,Shandon Baptiste,Brentford,MID,24,533,0,2,1,0,0,0,6,0,1,1,45,0.5333333333333333
353,Pablo Sarabia,Wolves,MID,24,695,1,0,2,0,0,0,9,0,3,0,55,0.43636363636363634
354,Samuel Edozie,Southampton,MID,24,616,0,0,1,0,0,0,10,0,0,0,47,0.5106382978723404
355,Yves Bissouma,Spurs,MID,24,882,0,0,1,0,0,0,17,0,6,0,47,0.5106382978723404
356,Frank Onyeka,Brentford,MID,24,602,0,1,2,0,0,0,9,0,0,0,48,0.5
357,Anthony Elanga,Man Utd,MID,24,418,0,1,2,0,0,0,2,0,0,0,47,0.5106382978723404
358,Hakim Ziyech,Chelsea,MID,24,617,0,1,2,0,0,0,7,0,1,0,55,0.43636363636363634
359,Danilo dos Santos de Oliveira,Nott'm Forest,MID,23,634,1,1,0,0,0,0,11,0,1,0,45,0.5111111111111111
360,Edouard Mendy,Chelsea,GK,23,765,0,0,1,25,0,0,12,0,1,0,48,0.4791666666666667
361,Sam Johnstone,Crystal Palace,GK,23,360,0,0,2,18,0,0,3,0,1,0,44,0.5227272727272727
362,Tariq Lamptey,Brighton,DEF,23,529,0,0,1,0,0,0,11,0,1,0,42,0.5476190476190477
363,Maximilian Wöber,Leeds,DEF,23,879,0,0,2,0,0,0,12,0,2,0,45,0.5111111111111111
364,Aymeric Laporte,Man City,DEF,23,645,0,0,2,0,0,0,8,0,0,0,57,0.40350877192982454
365,Stefan Bajcetic,Liverpool,MID,23,526,1,0,3,0,0,0,4,0,2,0,44,0.5227272727272727
366,Kamaldeen Sulemana,Southampton,MID,22,729,0,0,3,0,0,0,13,0,1,0,50,0.44
367,Lewis O'Brien,Nott'm Forest,MID,22,578,1,0,1,0,0,0,14,0,2,0,48,0.4583333333333333
368,Alex Oxlade-Chamberlain,Liverpool,MID,22,393,1,0,0,0,0,0,8,0,0,0,49,0.4489795918367347
369,Luka Milivojevic,Crystal Palace,MID,22,499,0,0,2,0,0,0,7,0,2,0,42,0.5238095238095238
370,Joe Gelhardt,Leeds,FWD,21,209,0,2,0,0,0,0,3,0,1,0,51,0.4117647058823529
371,Flynn Downes,West Ham,MID,21,486,0,0,1,0,0,0,7,0,1,0,42,0.5
372,Armando Broja,Chelsea,FWD,21,285,1,1,1,0,0,0,5,0,0,0,53,0.39622641509433965
373,Rob Holding,Arsenal,DEF,21,560,1,0,0,0,0,0,13,0,0,0,42,0.5
374,Ayoze Pérez,Leicester,MID,21,448,0,2,1,0,0,0,7,0,0,0,47,0.44680851063829785
375,Luke Thomas,Leicester,DEF,20,854,0,1,1,0,0,0,18,1,1,0,41,0.4878048780487805
376,Marcel Sabitzer,Man Utd,MID,20,507,0,1,4,0,0,0,6,0,1,0,50,0.4
377,Ben Godfrey,Everton,DEF,20,891,0,1,1,0,0,0,19,0,2,0,43,0.46511627906976744
378,Tom Davies,Everton,MID,20,536,0,0,1,0,0,0,9,0,3,0,49,0.40816326530612246
379,Weston McKennie,Leeds,MID,20,1042,0,0,1,0,0,0,24,0,6,0,50,0.4
380,Steve Cook,Nott'm Forest,DEF,20,956,0,0,2,0,0,0,21,0,4,0,43,0.46511627906976744
381,Cristiano Ronaldo dos Santos Aveiro,Man Utd,FWD,20,519,1,0,3,0,0,0,8,0,2,0,102,0.19607843137254902
382,Kevin Schade,Brentford,MID,20,447,0,1,2,0,0,0,5,0,2,0,50,0.4
383,Mykhailo Mudryk,Chelsea,MID,20,485,0,2,0,0,0,0,7,0,0,0,69,0.2898550724637681
384,Chris Wood,Nott'm Forest,FWD,19,370,1,0,1,0,0,0,6,0,0,0,56,0.3392857142857143
385,Ibrahima Diallo,Southampton,MID,19,813,0,0,0,0,0,0,19,0,4,0,42,0.4523809523809524
386,Wout Weghorst,Man Utd,FWD,19,661,0,1,4,0,0,0,9,0,1,0,59,0.3220338983050847
387,Rico Lewis,Man City,DEF,19,626,0,0,1,0,0,0,6,0,1,0,39,0.48717948717948717
388,Ricardo Barbosa Pereira,Leicester,DEF,19,384,1,1,0,0,0,0,9,0,1,0,43,0.4418604651162791
389,Curtis Jones,Liverpool,MID,19,579,0,1,1,0,0,0,9,0,2,0,49,0.3877551020408163
390,Deniz Undav,Brighton,FWD,18,264,0,1,1,0,0,0,2,0,0,0,51,0.35294117647058826
391,Bertrand Traoré,Aston Villa,MID,18,155,2,0,1,0,0,0,0,0,1,0,49,0.3673469387755102
392,Lyanco Silveira Neves Vojnovic,Southampton,DEF,17,872,0,0,0,0,0,0,16,0,4,0,44,0.38636363636363635
393,Matías Viña,Bournemouth,DEF,17,184,1,0,1,0,0,0,3,0,1,0,45,0.37777777777777777
394,Robin Olsen,Aston Villa,GK,17,370,0,0,2,12,0,0,8,0,0,0,39,0.4358974358974359
395,Victor Kristiansen,Leicester,DEF,16,814,0,1,0,0,0,0,16,0,1,0,45,0.35555555555555557
396,João Victor Gomes da Silva,Wolves,MID,16,430,1,0,2,0,0,0,8,0,5,0,45,0.35555555555555557
397,Diego Llorente,Leeds,DEF,16,648,0,0,1,0,0,0,12,0,1,0,44,0.36363636363636365
398,Jeremy Sarmiento Morante,Brighton,MID,16,197,0,2,1,0,0,0,3,0,2,0,45,0.35555555555555557
399,Denis Zakaria,Chelsea,MID,16,469,0,0,3,0,0,0,5,0,0,0,49,0.32653061224489793
400,Facundo Buonanotte,Brighton,MID,16,140,1,1,0,0,0,0,3,0,0,0,45,0.35555555555555557
401,Ellis Simms,Everton,FWD,16,216,1,0,0,0,0,0,4,0,0,0,45,0.35555555555555557
402,Elliot Anderson,Newcastle,MID,16,202,0,0,0,0,0,0,6,0,0,0,44,0.36363636363636365
403,Jorge Luiz Frello Filho,Arsenal,MID,16,436,0,1,1,0,0,0,8,0,0,0,58,0.27586206896551724
404,James Garner,Everton,MID,16,361,0,1,1,0,0,0,6,0,1,0,45,0.35555555555555557
405,Carney Chukwuemeka,Chelsea,MID,15,225,0,0,1,0,0,0,3,0,0,0,43,0.3488372093023256
406,Moussa Niakhaté,Nott'm Forest,DEF,15,713,0,0,1,0,0,0,14,0,0,0,43,0.3488372093023256
407,Albert Sambi Lokonga,Crystal Palace,MID,15,533,0,0,2,0,0,0,5,0,2,0,43,0.3488372093023256
408,Mason Holgate,Everton,DEF,15,443,0,0,2,0,0,0,6,0,1,1,43,0.3488372093023256
409,Jack Colback,Nott'm Forest,MID,15,504,0,0,0,0,0,0,11,0,0,0,41,0.36585365853658536
410,Daniel Iversen,Leicester,GK,14,630,0,0,0,23,0,0,11,1,0,0,38,0.3684210526315789
411,Keane Lewis-Potter,Brentford,MID,14,313,0,1,0,0,0,0,4,0,0,0,52,0.2692307692307692
412,Hamed Traorè,Bournemouth,MID,14,425,0,0,2,0,0,0,8,0,0,0,45,0.3111111111111111
413,Felipe Augusto de Almeida Monteiro,Nott'm Forest,DEF,14,1069,0,1,0,0,0,0,25,0,3,0,45,0.3111111111111111
414,Jonjo Shelvey,Nott'm Forest,MID,13,539,0,0,1,0,0,0,10,0,2,0,48,0.2708333333333333
415,Emile Smith Rowe,Arsenal,MID,13,133,0,1,0,0,0,0,3,0,0,0,56,0.23214285714285715
416,Mateusz Klich,Leeds,MID,13,292,0,0,0,0,0,0,5,0,2,0,46,0.2826086956521739
417,Harry Souttar,Leicester,DEF,13,900,0,1,0,0,0,0,19,1,2,0,45,0.28888888888888886
418,Yerry Mina,Everton,DEF,13,234,1,0,0,0,0,0,4,0,1,0,43,0.3023255813953488
419,Saman Ghoddos,Brentford,MID,13,129,0,0,0,0,0,0,5,0,0,0,48,0.2708333333333333
420,Chris Richards,Crystal Palace,DEF,13,443,0,0,1,0,0,0,11,0,0,0,44,0.29545454545454547
421,Marc Albrighton,Leicester,MID,13,232,1,0,0,0,0,0,3,0,0,0,47,0.2765957446808511
422,Ryan Fredericks,Bournemouth,DEF,12,527,0,0,0,0,0,0,11,0,1,0,44,0.2727272727272727
423,Boubacar Traoré,Wolves,MID,12,380,0,1,0,0,0,0,7,0,2,0,43,0.27906976744186046
424,Calum Chambers,Aston Villa,DEF,12,327,0,0,0,0,0,0,4,0,3,0,42,0.2857142857142857
425,Jonny Evans,Leicester,DEF,12,811,0,0,1,0,0,0,24,0,0,0,44,0.2727272727272727
426,Naby Keita,Liverpool,MID,11,318,0,0,1,0,0,0,4,0,1,0,47,0.23404255319148937
427,Antoine Semenyo,Bournemouth,FWD,11,237,0,0,0,0,0,0,5,0,0,0,50,0.22
428,N'Golo Kanté,Chelsea,MID,11,365,0,0,2,0,0,0,3,0,0,0,48,0.22916666666666666
429,Georginio Rutter,Leeds,FWD,11,233,0,0,0,0,0,0,7,0,0,0,54,0.2037037037037037
430,Enock Mwepu,Brighton,MID,11,209,0,1,0,0,0,0,4,0,0,0,53,0.20754716981132076
431,Ryan Fraser,Newcastle,MID,11,308,0,0,1,0,0,0,3,0,1,0,52,0.21153846153846154
432,Bryan Gil Salvatierra,Spurs,MID,11,208,0,1,1,0,0,0,2,0,1,0,50,0.22
433,Maxwel Cornet,West Ham,MID,11,154,0,0,0,0,0,0,3,0,0,0,59,0.1864406779661017
434,Paul Onuachu,Southampton,FWD,11,326,0,0,1,0,0,0,6,0,0,0,55,0.2
435,Sergio Gómez,Man City,DEF,10,166,0,1,0,0,0,0,5,0,0,0,45,0.2222222222222222
436,Anthony Gordon,Newcastle,MID,10,337,0,0,0,0,0,0,2,0,1,0,51,0.19607843137254902
437,Arnaut Danjuma,Spurs,MID,10,86,1,0,0,0,0,0,2,0,0,0,65,0.15384615384615385
438,André Ayew,Nott'm Forest,MID,10,269,0,0,0,0,0,1,8,0,0,0,50,0.2
439,Pape Matar Sarr,Spurs,MID,10,174,0,0,0,0,0,0,9,0,1,0,42,0.23809523809523808
440,Cole Palmer,Man City,MID,10,139,0,0,0,0,0,0,3,0,1,0,43,0.23255813953488372
441,Lucas Rodrigues Moura da Silva,Spurs,MID,9,119,0,0,0,0,0,0,3,0,0,1,58,0.15517241379310345
442,Asmir Begović,Everton,GK,9,90,0,0,1,4,0,0,0,0,0,0,40,0.225
443,Adam Forshaw,Leeds,MID,9,224,0,0,0,0,0,0,4,0,0,0,44,0.20454545454545456
444,Donny van de Beek,Man Utd,MID,9,171,0,0,0,0,0,0,3,0,0,0,51,0.17647058823529413
445,Ben Pearson,Bournemouth,MID,9,282,0,0,1,0,0,0,10,0,1,0,44,0.20454545454545456
446,Lewis Hall,Chelsea,MID,8,303,0,0,1,0,0,0,3,0,1,0,44,0.18181818181818182
447,Martin Dubravka,Newcastle,GK,8,66,0,0,1,5,0,0,0,0,0,0,41,0.1951219512195122
448,James Tomkins,Crystal Palace,DEF,8,335,1,0,0,0,0,0,10,0,1,1,39,0.20512820512820512
449,Billy Gilmour,Brighton,MID,8,250,0,0,0,0,0,0,8,0,2,0,42,0.19047619047619047
450,Sasa Lukic,Fulham,MID,8,231,0,0,0,0,0,0,5,0,1,0,45,0.17777777777777778
451,Noni Madueke,Chelsea,MID,8,225,0,0,0,0,0,0,2,0,0,0,55,0.14545454545454545
452,Alphonse Areola,West Ham,GK,7,307,0,0,0,9,0,0,7,0,0,0,43,0.16279069767441862
453,Jhon Durán,Aston Villa,FWD,7,78,0,0,0,0,0,0,2,0,1,0,55,0.12727272727272726
454,Mohamed Elneny,Arsenal,MID,7,127,0,0,0,0,0,0,3,0,0,0,41,0.17073170731707318
455,Marek Rodák,Fulham,GK,7,180,0,0,1,2,0,0,2,0,0,0,43,0.16279069767441862
456,Jay Stansfield,Fulham,FWD,7,85,0,1,0,0,0,0,2,0,0,0,45,0.15555555555555556
457,Siriki Dembélé,Bournemouth,MID,7,156,0,0,0,0,0,0,2,0,0,0,47,0.14893617021276595
458,Manuel Lanzini,West Ham,MID,7,143,0,0,0,0,0,0,3,0,0,0,51,0.13725490196078433
459,Salomón Rondón,Everton,FWD,7,103,0,0,0,0,0,0,2,0,0,0,49,0.14285714285714285
460,Kevin Mbabu,Fulham,DEF,7,141,0,1,0,0,0,0,7,0,1,0,43,0.16279069767441862
461,Cameron Archer,Aston Villa,FWD,6,43,0,0,0,0,0,0,1,0,0,0,42,0.14285714285714285
462,Cédric Alves Soares,Fulham,DEF,6,105,0,0,0,0,0,0,2,0,0,0,42,0.14285714285714285
463,Matt Ritchie,Newcastle,DEF,6,34,0,0,0,0,0,0,0,0,0,0,42,0.14285714285714285
464,Kalvin Phillips,Man City,MID,6,102,0,0,0,0,0,0,2,0,1,0,48,0.125
465,Çaglar Söyüncü,Leicester,DEF,6,348,0,0,0,0,0,0,6,0,2,0,42,0.14285714285714285
466,Naouirou Ahamada,Crystal Palace,MID,6,86,0,0,0,0,0,0,2,0,1,0,45,0.13333333333333333
467,Gustavo Henrique Furtado Scarpa,Nott'm Forest,MID,5,177,0,0,0,0,0,0,1,0,1,0,50,0.1
468,Djed Spence,Spurs,DEF,5,7,0,0,0,0,0,0,0,0,0,0,41,0.12195121951219512
469,Jack Stacey,Bournemouth,DEF,5,292,0,0,0,0,0,0,10,0,2,0,43,0.11627906976744186
470,Chem Campbell,Wolves,MID,5,68,0,0,0,0,0,0,2,0,0,0,44,0.11363636363636363
471,Sergi Canós Tenés,Brentford,DEF,5,73,0,0,0,0,0,0,2,0,0,0,50,0.1
472,Halil Dervişoğlu,Brentford,FWD,4,6,0,1,0,0,0,0,0,0,0,0,45,0.08888888888888889
473,James Bree,Southampton,DEF,4,200,0,0,0,0,0,0,5,0,0,0,45,0.08888888888888889
474,Jan Paul van Hecke,Brighton,DEF,4,85,0,0,0,0,0,0,2,0,0,0,40,0.1
475,Joseph Hodge,Wolves,MID,4,167,0,0,0,0,0,0,5,0,1,0,44,0.09090909090909091
476,Juan Larios López,Southampton,DEF,4,150,0,0,0,0,0,0,2,0,0,0,40,0.1
477,Japhet Tanganga,Spurs,DEF,4,145,0,0,0,0,0,0,5,0,0,0,39,0.10256410256410256
478,Mads Bech Sørensen,Brentford,DEF,4,18,0,0,0,0,0,0,0,0,0,0,45,0.08888888888888889
479,Shane Duffy,Fulham,DEF,4,4,0,0,0,0,0,0,2,0,0,0,43,0.09302325581395349
480,Junior Stanislas,Bournemouth,MID,4,58,0,0,0,0,0,0,1,0,0,0,48,0.08333333333333333
481,Wayne Hennessey,Nott'm Forest,GK,4,180,0,0,0,7,0,0,4,0,0,0,39,0.10256410256410256
482,Jairo Riedewald,Crystal Palace,MID,4,46,0,0,0,0,0,0,0,0,0,0,43,0.09302325581395349
483,Jamal Lowe,Bournemouth,MID,3,21,0,0,0,0,0,0,0,0,0,0,52,0.057692307692307696
484,Jamaal Lascelles,Newcastle,DEF,3,214,0,0,0,0,0,0,5,0,4,0,43,0.06976744186046512
485,Diego Carlos Santos Silva,Aston Villa,DEF,3,180,0,0,0,0,0,0,3,0,0,0,47,0.06382978723404255
486,Javier Manquillo Gaitán,Newcastle,DEF,3,33,0,0,0,0,0,0,1,0,0,0,42,0.07142857142857142
487,Mateo Joseph Fernández,Leeds,FWD,3,24,0,0,0,0,0,0,0,0,0,0,45,0.06666666666666667
488,Luke Harris,Fulham,MID,3,10,0,0,0,0,0,0,1,0,0,0,44,0.06818181818181818
489,Joseph Whitworth,Crystal Palace,GK,3,180,0,0,0,5,0,0,5,0,0,0,40,0.075
490,Malcolm Ebiowei,Crystal Palace,MID,3,31,0,0,0,0,0,0,1,0,0,0,42,0.07142857142857142
491,Facundo Pellistri Rebollo,Man Utd,MID,3,54,0,0,0,0,0,0,1,0,0,0,43,0.06976744186046512
492,Nathaniel Phillips,Liverpool,DEF,3,65,0,0,0,0,0,0,1,0,0,0,39,0.07692307692307693
493,Morgan Sanson,Aston Villa,MID,2,10,0,0,0,0,0,0,1,0,0,0,43,0.046511627906976744
494,David Datro Fofana,Chelsea,FWD,2,60,0,0,0,0,0,0,1,0,0,0,50,0.04
495,Rúben Nascimento Vinagre,Everton,DEF,2,24,0,0,0,0,0,0,0,0,0,0,43,0.046511627906976744
496,Oriol Romeu Vidal,Southampton,MID,2,74,0,0,0,0,0,0,4,0,0,0,48,0.041666666666666664
497,Giulian Biancone,Nott'm Forest,DEF,2,15,0,0,0,0,0,0,1,0,0,0,42,0.047619047619047616
498,Dele Alli,Everton,MID,2,38,0,0,0,0,0,0,1,0,0,0,53,0.03773584905660377
499,Illia Zabarnyi,Bournemouth,DEF,2,27,0,0,0,0,0,0,1,0,0,0,45,0.044444444444444446
500,David Brooks,Bournemouth,MID,2,29,0,0,0,0,0,0,3,0,0,0,53,0.03773584905660377
501,James McArthur,Crystal Palace,MID,2,19,0,0,0,0,0,0,0,0,0,0,48,0.041666666666666664
502,Layvin Kurzawa,Fulham,DEF,2,136,0,0,0,0,0,0,4,0,1,0,43,0.046511627906976744
503,Alex McCarthy,Southampton,GK,2,90,0,0,0,1,0,0,1,0,0,0,43,0.046511627906976744
504,Josh Onomah,Fulham,MID,2,14,0,0,0,0,0,0,2,0,0,0,43,0.046511627906976744
505,Ben Doak,Liverpool,MID,2,23,0,0,0,0,0,0,1,0,0,0,45,0.044444444444444446
506,Ludwig Augustinsson,Aston Villa,DEF,2,76,0,0,0,0,0,0,0,0,1,0,43,0.046511627906976744
507,Jakub Kiwior,Arsenal,DEF,2,14,0,0,0,0,0,0,1,0,0,0,40,0.05
508,Thomas Cannon,Everton,FWD,2,23,0,0,0,0,0,0,1,0,0,0,45,0.044444444444444446
509,Emil Krafth,Newcastle,DEF,1,1,0,0,0,0,0,0,0,0,0,0,43,0.023255813953488372
510,Carlos Ribeiro Dias,Nott'm Forest,MID,1,6,0,0,0,0,0,0,0,0,0,0,42,0.023809523809523808
511,Harvey White,Spurs,MID,1,4,0,0,0,0,0,0,0,0,0,0,44,0.022727272727272728
512,Omari Hutchinson,Chelsea,MID,1,22,0,0,0,0,0,0,0,0,0,0,43,0.023255813953488372
513,Kobbie Mainoo,Man Utd,MID,1,10,0,0,0,0,0,0,0,0,0,0,45,0.022222222222222223
514,Connor Ronan,Wolves,MID,1,1,0,0,0,0,0,0,0,0,0,0,44,0.022727272727272728
515,Mislav Orsic,Southampton,MID,1,6,0,0,0,0,0,0,0,0,0,0,53,0.018867924528301886
516,David Ozoh,Crystal Palace,MID,1,1,0,0,0,0,0,0,0,0,0,0,45,0.022222222222222223
517,Owen Bevan,Bournemouth,DEF,1,8,0,0,0,0,0,0,1,0,0,0,40,0.025
518,Conor Coventry,West Ham,MID,1,1,0,0,0,0,0,0,0,0,0,0,44,0.022727272727272728
519,Tyrese Francois,Fulham,MID,1,1,0,0,0,0,0,0,0,0,0,0,44,0.022727272727272728
520,Emiliano Marcondes,Bournemouth,MID,1,8,0,0,0,0,0,0,1,0,0,0,47,0.02127659574468085
521,Alex Mighten,Nott'm Forest,MID,1,7,0,0,0,0,0,0,0,0,0,0,49,0.02040816326530612
522,Ethan Nwaneri,Arsenal,MID,1,1,0,0,0,0,0,0,0,0,0,0,45,0.022222222222222223
523,Andrew Moran,Brighton,MID,1,11,0,0,0,0,0,0,1,0,0,0,45,0.022222222222222223
524,Nathan Redmond,Southampton,MID,1,1,0,0,0,0,0,0,0,0,0,0,53,0.018867924528301886
525,Bobby Clark,Liverpool,MID,1,7,0,0,0,0,0,0,0,0,0,0,45,0.022222222222222223
526,Jamal Lewis,Newcastle,DEF,1,7,0,0,0,0,0,0,1,0,0,0,44,0.022727272727272728
527,Marcus Oliveira Alencar,Arsenal,MID,1,1,0,0,0,0,0,0,0,0,0,0,46,0.021739130434782608
528,Odeluga Offiah,Brighton,DEF,1,2,0,0,0,0,0,0,1,0,0,0,40,0.025
529,Sasa Kalajdzic,Wolves,FWD,1,45,0,0,0,0,0,0,0,0,0,0,53,0.018867924528301886
530,Dexter Lembikisa,Wolves,DEF,1,22,0,0,0,0,0,0,1,0,0,0,40,0.025
531,Darko Gyabi,Leeds,MID,1,7,0,0,0,0,0,0,0,0,0,0,43,0.023255813953488372
532,Lewis Brunt,Leicester,DEF,1,22,0,0,0,0,0,0,1,0,0,0,39,0.02564102564102564
533,Máximo Perrone,Man City,MID,1,18,0,0,0,0,0,0,1,0,0,0,45,0.022222222222222223
534,Cody Drameh,Leeds,DEF,1,70,0,0,0,0,0,0,3,0,0,0,40,0.025
535,Divin Mubama,West Ham,FWD,1,3,0,0,0,0,0,0,0,0,0,0,45,0.022222222222222223
536,Yasin Ayari,Brighton,MID,1,10,0,0,0,0,0,0,0,0,0,0,45,0.022222222222222223
537,Nathaniel Chalobah,Fulham,MID,1,11,0,0,0,0,0,0,4,0,0,1,44,0.022727272727272728
538,Will Dennis,Bournemouth,GK,0,0,0,0,0,0,0,0,0,0,0,0,39,0.0
539,Amad Diallo,Man Utd,MID,0,0,0,0,0,0,0,0,0,0,0,0,44,0.0
540,Ryan Trevitt,Brentford,MID,0,0,0,0,0,0,0,0,0,0,0,0,44,0.0
541,Alex Telles,Man Utd,DEF,0,0,0,0,0,0,0,0,0,0,0,0,50,0.0
542,Allan Marques Loureiro,Everton,MID,0,0,0,0,0,0,0,0,0,0,0,0,48,0.0
543,Claudio Gomes,Man City,MID,0,0,0,0,0,0,0,0,0,0,0,0,45,0.0
544,Alfie Devine,Spurs,MID,0,0,0,0,0,0,0,0,0,0,0,0,43,0.0
545,Will Smallbone,Southampton,MID,0,0,0,0,0,0,0,0,0,0,0,0,45,0.0
546,Ryan Finnigan,Southampton,MID,0,0,0,0,0,0,0,0,0,0,0,0,45,0.0
547,Alex Smithies,Leicester,GK,0,0,0,0,0,0,0,0,0,0,0,0,39,0.0
548,Zidane Iqbal,Man Utd,MID,0,0,0,0,0,0,0,0,0,0,0,0,42,0.0
549,Darren Randolph,Bournemouth,GK,0,0,0,0,0,0,0,0,0,0,0,0,40,0.0
550,Robert Kenedy Nunes do Nascimento,Chelsea,DEF,0,0,0,0,0,0,0,0,0,0,0,0,39,0.0
551,Zack Steffen,Man City,GK,0,0,0,0,0,0,0,0,0,0,0,0,40,0.0
552,Adrián San Miguel del Castillo,Liverpool,GK,0,0,0,0,0,0,0,0,0,0,0,0,39,0.0
553,Yerson Mosquera Valdelamar,Wolves,DEF,0,0,0,0,0,0,0,0,0,0,0,0,39,0.0
554,Yegor Yarmolyuk,Brentford,MID,0,0,0,0,0,0,0,0,0,0,0,0,45,0.0
555,Daniel Bentley,Wolves,GK,0,0,0,0,0,0,0,0,0,0,0,0,40,0.0
556,Daniel Adu-Adjei,Bournemouth,FWD,0,0,0,0,0,0,0,0,0,0,0,0,45,0.0
557,Dane Scarlett,Spurs,FWD,0,0,0,0,0,0,0,0,0,0,0,0,45,0.0
558,Dale Taylor,Nott'm Forest,FWD,0,0,0,0,0,0,0,0,0,0,0,0,45,0.0
559,Rodrigo Muniz Carvalho,Fulham,FWD,0,0,0,0,0,0,0,0,0,0,0,0,54,0.0
560,Yan Valery,Southampton,DEF,0,45,0,0,0,0,0,0,2,0,0,0,40,0.0
561,Xande Nascimento da Costa Silva,Nott'm Forest,MID,0,0,0,0,0,0,0,0,0,0,0,0,50,0.0
562,Willy Caballero,Southampton,GK,0,0,0,0,0,0,0,0,0,0,0,0,39,0.0
563,Ross Barkley,Chelsea,MID,0,0,0,0,0,0,0,0,0,0,0,0,49,0.0
564,Ciaran Clark,Newcastle,DEF,0,0,0,0,0,0,0,0,0,0,0,0,45,0.0
565,Ryan Bertrand,Leicester,DEF,0,0,0,0,0,0,0,0,0,0,0,0,39,0.0
566,Amario Cozier-Duberry,Arsenal,MID,0,0,0,0,0,0,0,0,0,0,0,0,45,0.0
567,Scott Carson,Man City,GK,0,0,0,0,0,0,0,0,0,0,0,0,38,0.0
568,Wanya Marçal-Madivadua,Leicester,MID,0,0,0,0,0,0,0,0,0,0,0,0,45,0.0
569,Steven Bergwijn,Spurs,MID,0,0,0,0,0,0,0,0,0,0,0,0,55,0.0
570,Tom Heaton,Man Utd,GK,0,0,0,0,0,0,0,0,0,0,0,0,39,0.0
571,Bashir Humphreys,Chelsea,DEF,0,0,0,0,0,0,0,0,0,0,0,0,45,0.0
572,Calvin Ramsay,Liverpool,DEF,0,0,0,0,0,0,0,0,0,0,0,0,39,0.0
573,Sonny Perkins,Leeds,FWD,0,0,0,0,0,0,0,0,0,0,0,0,45,0.0
574,Ben Davies,Liverpool,DEF,0,0,0,0,0,0,0,0,0,0,0,0,40,0.0
575,Stanley Mills,Everton,MID,0,0,0,0,0,0,0,0,0,0,0,0,44,0.0
576,Tino Livramento,Southampton,DEF,0,0,0,0,0,0,0,0,0,0,0,0,44,0.0
577,Stefan Ortega Moreno,Man City,GK,0,0,0,0,0,0,0,0,0,0,0,0,38,0.0
578,Stefan Parkes,Fulham,DEF,0,0,0,0,0,0,0,0,0,0,0,0,40,0.0
579,Callum Hudson-Odoi,Chelsea,MID,0,0,0,0,0,0,0,0,0,0,0,0,53,0.0
580,Steven Alzate,Brighton,MID,0,0,0,0,0,0,0,0,0,0,0,0,44,0.0
581,Timo Werner,Chelsea,FWD,0,0,0,0,0,0,0,0,0,0,0,0,79,0.0
582,Shola Shoretire,Man Utd,FWD,0,0,0,0,0,0,0,0,0,0,0,0,45,0.0
583,Stuart Dallas,Leeds,DEF,0,0,0,0,0,0,0,0,0,0,0,0,49,0.0
584,Brice Samba,Nott'm Forest,GK,0,0,0,0,0,0,0,0,0,0,0,0,45,0.0
585,Brandon Williams,Man Utd,DEF,0,0,0,0,0,0,0,0,0,0,0,0,38,0.0
586,Brandon Austin,Spurs,GK,0,0,0,0,0,0,0,0,0,0,0,0,39,0.0
587,Braian Ojeda Rodríguez,Nott'm Forest,MID,0,0,0,0,0,0,0,0,0,0,0,0,45,0.0
588,Ben Greenwood,Bournemouth,DEF,0,0,0,0,0,0,0,0,0,0,0,0,40,0.0
589,Tim Iroegbunam,Aston Villa,MID,0,0,0,0,0,0,0,0,0,0,0,0,45,0.0
590,Thomas Strakosha,Brentford,GK,0,0,0,0,0,0,0,0,0,0,0,0,43,0.0
591,Ben Knight,Man City,MID,0,0,0,0,0,0,0,0,0,0,0,0,45,0.0
592,Terence Kongolo,Fulham,DEF,0,0,0,0,0,0,0,0,0,0,0,0,39,0.0
593,Terry Ablade,Fulham,FWD,0,0,0,0,0,0,0,0,0,0,0,0,45,0.0
594,Sil Swinkels,Aston Villa,DEF,0,0,0,0,0,0,0,0,0,0,0,0,40,0.0
595,Christian Saydee,Bournemouth,FWD,0,0,0,0,0,0,0,0,0,0,0,0,45,0.0
596,Caoimhin Kelleher,Liverpool,GK,0,0,0,0,0,0,0,0,0,0,0,0,40,0.0
597,Christian Benteke,Crystal Palace,FWD,0,0,0,0,0,0,0,0,0,0,0,0,55,0.0
598,Sammy Braybrooke,Leicester,MID,0,0,0,0,0,0,0,0,0,0,0,0,45,0.0
599,Andrey Nascimento dos Santos,Chelsea,MID,0,0,0,0,0,0,0,0,0,0,0,0,45,0.0
600,Andros Townsend,Everton,MID,0,0,0,0,0,0,0,0,0,0,0,0,54,0.0
601,Viljami Sinisalo,Aston Villa,GK,0,0,0,0,0,0,0,0,0,0,0,0,40,0.0
602,Charlie Goode,Brentford,DEF,0,0,0,0,0,0,0,0,0,0,0,0,39,0.0
603,André Tavares Gomes,Everton,MID,0,0,0,0,0,0,0,0,0,0,0,0,45,0.0
604,Sepp van den Berg,Liverpool,DEF,0,0,0,0,0,0,0,0,0,0,0,0,40,0.0
605,Anthony Knockaert,Fulham,MID,0,0,0,0,0,0,0,0,0,0,0,0,47,0.0
606,Anwar El Ghazi,Aston Villa,MID,0,0,0,0,0,0,0,0,0,0,0,0,48,0.0
607,Tyler Roberts,Leeds,MID,0,0,0,0,0,0,0,0,0,0,0,0,50,0.0
608,Archie Gray,Leeds,MID,0,0,0,0,0,0,0,0,0,0,0,0,45,0.0
609,Troy Parrott,Spurs,FWD,0,0,0,0,0,0,0,0,0,0,0,0,45,0.0
610,Tristan Crama,Brentford,DEF,0,0,0,0,0,0,0,0,0,0,0,0,40,0.0
611,Armstrong Oko-Flex,West Ham,MID,0,0,0,0,0,0,0,0,0,0,0,0,44,0.0
612,Arthur Henrique Ramos de Oliveira Melo,Liverpool,MID,0,0,0,0,0,0,0,0,0,0,0,0,48,0.0
613,Arthur Masuaku,West Ham,DEF,0,0,0,0,0,0,0,0,0,0,0,0,45,0.0
614,Sergio Reguilón,Spurs,DEF,0,0,0,0,0,0,0,0,0,0,0,0,42,0.0
615,Cameron Plain,Bournemouth,GK,0,0,0,0,0,0,0,0,0,0,0,0,40,0.0
616,Taylor Richards,Brighton,MID,0,0,0,0,0,0,0,0,0,0,0,0,45,0.0
617,Kaden Rodney,Crystal Palace,MID,0,0,0,0,0,0,0,0,0,0,0,0,45,0.0
618,Richie Laryea,Nott'm Forest,DEF,0,0,0,0,0,0,0,0,0,0,0,0,45,0.0
619,Lucas Torreira di Pascua,Arsenal,MID,0,0,0,0,0,0,0,0,0,0,0,0,45,0.0
620,Luke Mbete-Tabu,Man City,DEF,0,0,0,0,0,0,0,0,0,0,0,0,39,0.0
621,Luke Cundle,Wolves,MID,0,0,0,0,0,0,0,0,0,0,0,0,44,0.0
622,Luke Chambers,Liverpool,DEF,0,0,0,0,0,0,0,0,0,0,0,0,40,0.0
623,Jamie Shackleton,Leeds,MID,0,0,0,0,0,0,0,0,0,0,0,0,45,0.0
624,Jannik Vestergaard,Leicester,DEF,0,0,0,0,0,0,0,0,0,0,0,0,39,0.0
625,Jarrad Branthwaite,Everton,DEF,0,0,0,0,0,0,0,0,0,0,0,0,40,0.0
626,James McAtee,Man City,MID,0,0,0,0,0,0,0,0,0,0,0,0,45,0.0
627,Loïc Mbe Soh,Nott'm Forest,DEF,0,0,0,0,0,0,0,0,0,0,0,0,42,0.0
628,Loïc Badé,Nott'm Forest,DEF,0,0,0,0,0,0,0,0,0,0,0,0,45,0.0
629,Loris Karius,Newcastle,GK,0,0,0,0,0,0,0,0,0,0,0,0,39,0.0
630,Lino Sousa,Arsenal,DEF,0,0,0,0,0,0,0,0,0,0,0,0,40,0.0
631,Liam Delap,Man City,FWD,0,0,0,0,0,0,0,0,0,0,0,0,44,0.0
632,Jean-Philippe Gbamin,Everton,MID,0,0,0,0,0,0,0,0,0,0,0,0,45,0.0
633,Luke Plange,Crystal Palace,FWD,0,0,0,0,0,0,0,0,0,0,0,0,45,0.0
634,Lyle Taylor,Nott'm Forest,FWD,0,0,0,0,0,0,0,0,0,0,0,0,42,0.0
635,Lewis Payne,Southampton,MID,0,0,0,0,0,0,0,0,0,0,0,0,45,0.0
636,Marcus Forss,Brentford,FWD,0,0,0,0,0,0,0,0,0,0,0,0,45,0.0
637,Marvelous Nakamba,Aston Villa,MID,0,0,0,0,0,0,0,0,0,0,0,0,43,0.0
638,Jackson Smith,Wolves,GK,0,0,0,0,0,0,0,0,0,0,0,0,39,0.0
639,Martial Godo,Fulham,MID,0,0,0,0,0,0,0,0,0,0,0,0,45,0.0
640,Jaden Philogene-Bidace,Aston Villa,MID,0,0,0,0,0,0,0,0,0,0,0,0,45,0.0
641,Jakub Moder,Brighton,MID,0,0,0,0,0,0,0,0,0,0,0,0,44,0.0
642,Marcus Bettinelli,Chelsea,GK,0,0,0,0,0,0,0,0,0,0,0,0,40,0.0
643,Mads Bidstrup,Brentford,MID,0,0,0,0,0,0,0,0,0,0,0,0,45,0.0
644,Marcos Alonso,Chelsea,DEF,0,0,0,0,0,0,0,0,0,0,0,0,53,0.0
645,James Furlong,Brighton,DEF,0,0,0,0,0,0,0,0,0,0,0,0,40,0.0
646,Malang Sarr,Chelsea,DEF,0,0,0,0,0,0,0,0,0,0,0,0,50,0.0
647,James Hill,Bournemouth,DEF,0,0,0,0,0,0,0,0,0,0,0,0,44,0.0
648,Lewis Warrington,Everton,MID,0,0,0,0,0,0,0,0,0,0,0,0,44,0.0
649,Jeff Hendrick,Newcastle,MID,0,0,0,0,0,0,0,0,0,0,0,0,45,0.0
650,Matej Kovár,Man Utd,GK,0,0,0,0,0,0,0,0,0,0,0,0,40,0.0
651,Keinan Davis,Aston Villa,FWD,0,0,0,0,0,0,0,0,0,0,0,0,54,0.0
652,Kofi Balmer,Crystal Palace,DEF,0,0,0,0,0,0,0,0,0,0,0,0,40,0.0
653,Kjell Scherpen,Brighton,GK,0,0,0,0,0,0,0,0,0,0,0,0,40,0.0
654,Killian Phillips,Crystal Palace,MID,0,0,0,0,0,0,0,0,0,0,0,0,45,0.0
655,Jordan Smith,Nott'm Forest,GK,0,0,0,0,0,0,0,0,0,0,0,0,40,0.0
656,Joseph Anang,West Ham,GK,0,0,0,0,0,0,0,0,0,0,0,0,40,0.0
657,Josh Wilson-Esbrand,Man City,DEF,0,0,0,0,0,0,0,0,0,0,0,0,38,0.0
658,Kasper Schmeichel,Leicester,GK,0,0,0,0,0,0,0,0,0,0,0,0,50,0.0
659,Kortney Hause,Aston Villa,DEF,0,0,0,0,0,0,0,0,0,0,0,0,44,0.0
660,Kasey McAteer,Leicester,MID,0,0,0,0,0,0,0,0,0,0,0,0,45,0.0
661,Karl Hein,Arsenal,GK,0,0,0,0,0,0,0,0,0,0,0,0,40,0.0
662,Karl Darlow,Newcastle,GK,0,0,0,0,0,0,0,0,0,0,0,0,39,0.0
663,Kacper Kozłowski,Brighton,MID,0,0,0,0,0,0,0,0,0,0,0,0,45,0.0
664,Kaine Kesler Hayden,Aston Villa,DEF,0,0,0,0,0,0,0,0,0,0,0,0,40,0.0
665,Kadan Young,Aston Villa,MID,0,0,0,0,0,0,0,0,0,0,0,0,45,0.0
666,Jonathan Panzo,Nott'm Forest,DEF,0,0,0,0,0,0,0,0,0,0,0,0,40,0.0
667,Kristian Sekularac,Fulham,MID,0,0,0,0,0,0,0,0,0,0,0,0,45,0.0
668,Lewis Miley,Newcastle,MID,0,0,0,0,0,0,0,0,0,0,0,0,45,0.0
669,Joe Lolley,Nott'm Forest,MID,0,0,0,0,0,0,0,0,0,0,0,0,49,0.0
670,Jeremiah Chilokoa-Mullen,Leeds,DEF,0,0,0,0,0,0,0,0,0,0,0,0,40,0.0
671,Lewis Bate,Leeds,MID,0,0,0,0,0,0,0,0,0,0,0,0,45,0.0
672,Jesurun Rak-Sakyi,Crystal Palace,MID,0,0,0,0,0,0,0,0,0,0,0,0,45,0.0
673,Leo Fuhr Hjelde,Leeds,DEF,0,0,0,0,0,0,0,0,0,0,0,0,39,0.0
674,Jimmy Morgan,Southampton,FWD,0,0,0,0,0,0,0,0,0,0,0,0,45,0.0
675,Joe Bryan,Fulham,DEF,0,0,0,0,0,0,0,0,0,0,0,0,44,0.0
676,Lamare Bogarde,Aston Villa,DEF,0,0,0,0,0,0,0,0,0,0,0,0,40,0.0
677,John-Kymani Gordon,Crystal Palace,FWD,0,0,0,0,0,0,0,0,0,0,0,0,45,0.0
678,Joe Rodon,Spurs,DEF,0,0,0,0,0,0,0,0,0,0,0,0,40,0.0
679,Joe Wormleighton,Leicester,DEF,0,0,0,0,0,0,0,0,0,0,0,0,40,0.0
680,Kyle John,Everton,DEF,0,0,0,0,0,0,0,0,0,0,0,0,40,0.0
681,Joel Robles,Leeds,GK,0,0,0,0,0,0,0,0,0,0,0,0,40,0.0
682,Krisztián Hegyi,West Ham,GK,0,0,0,0,0,0,0,0,0,0,0,0,40,0.0
683,Kristoffer Klaesson,Leeds,GK,0,0,0,0,0,0,0,0,0,0,0,0,39,0.0
684,Jack Wells-Morrison,Crystal Palace,MID,0,0,0,0,0,0,0,0,0,0,0,0,45,0.0
685,Mateusz Lis,Southampton,GK,0,0,0,0,0,0,0,0,0,0,0,0,40,0.0
686,Rhys Williams,Liverpool,DEF,0,0,0,0,0,0,0,0,0,0,0,0,40,0.0
687,Kaelan Casey,West Ham,DEF,0,0,0,0,0,0,0,0,0,0,0,0,40,0.0
688,Pablo Marí Villar,Arsenal,DEF,0,0,0,0,0,0,0,0,0,0,0,0,45,0.0
689,Owen Goodman,Crystal Palace,GK,0,0,0,0,0,0,0,0,0,0,0,0,40,0.0
690,Euan Pollock,Bournemouth,FWD,0,0,0,0,0,0,0,0,0,0,0,0,45,0.0
691,Omar Richards,Nott'm Forest,DEF,0,0,0,0,0,0,0,0,0,0,0,0,44,0.0
692,Fabio Silva,Wolves,FWD,0,0,0,0,0,0,0,0,0,0,0,0,55,0.0
693,Oliwier Zych,Aston Villa,GK,0,0,0,0,0,0,0,0,0,0,0,0,40,0.0
694,Federico Fernández,Newcastle,DEF,0,0,0,0,0,0,0,0,0,0,0,0,44,0.0
695,Eric Bailly,Man Utd,DEF,0,0,0,0,0,0,0,0,0,0,0,0,40,0.0
696,Nuno Varela Tavares,Arsenal,DEF,0,0,0,0,0,0,0,0,0,0,0,0,45,0.0
697,Filip Marschall,Aston Villa,GK,0,0,0,0,0,0,0,0,0,0,0,0,40,0.0
698,Nikola Vlasic,West Ham,MID,0,0,0,0,0,0,0,0,0,0,0,0,50,0.0
699,Niels Nkounkou,Everton,DEF,0,0,0,0,0,0,0,0,0,0,0,0,40,0.0
700,Nicolas Pépé,Arsenal,MID,0,0,0,0,0,0,0,0,0,0,0,0,53,0.0
701,Fin Stevens,Brentford,DEF,0,0,0,0,0,0,0,0,0,0,0,0,40,0.0
702,Ethan Ampadu,Chelsea,DEF,0,0,0,0,0,0,0,0,0,0,0,0,44,0.0
703,Paul Dummett,Newcastle,DEF,0,0,0,0,0,0,0,0,0,0,0,0,39,0.0
704,Frédéric Guilbert,Aston Villa,DEF,0,0,0,0,0,0,0,0,0,0,0,0,39,0.0
705,Raphael Dias Belloli,Leeds,MID,0,0,0,0,0,0,0,0,0,0,0,0,70,0.0
706,Rhys Bennett,Man Utd,DEF,0,0,0,0,0,0,0,0,0,0,0,0,40,0.0
707,Remi Matthews,Crystal Palace,GK,0,0,0,0,0,0,0,0,0,0,0,0,40,0.0
708,Reece Welch,Everton,DEF,0,0,0,0,0,0,0,0,0,0,0,0,40,0.0
709,Diogo Pinheiro Monteiro,Leeds,DEF,0,0,0,0,0,0,0,0,0,0,0,0,40,0.0
710,Dominic Sadi,Bournemouth,FWD,0,0,0,0,0,0,0,0,0,0,0,0,45,0.0
711,Dominic Thompson,Brentford,DEF,0,0,0,0,0,0,0,0,0,0,0,0,40,0.0
712,Paulo Gazzaniga Farias,Fulham,GK,0,0,0,0,0,0,0,0,0,0,0,0,40,0.0
713,Dwight Gayle,Newcastle,FWD,0,0,0,0,0,0,0,0,0,0,0,0,45,0.0
714,Ed Turns,Brighton,DEF,0,0,0,0,0,0,0,0,0,0,0,0,40,0.0
715,Eldin Jakupovic,Everton,GK,0,0,0,0,0,0,0,0,0,0,0,0,40,0.0
716,Ellery Balcombe,Brentford,GK,0,0,0,0,0,0,0,0,0,0,0,0,40,0.0
717,Phil Jones,Man Utd,DEF,0,0,0,0,0,0,0,0,0,0,0,0,39,0.0
718,Francisco Jorge Tomás Oliveira,Wolves,MID,0,0,0,0,0,0,0,0,0,0,0,0,50,0.0
719,Garang Kuol,Newcastle,MID,0,0,0,0,0,0,0,0,0,0,0,0,45,0.0
720,Jack Hinshelwood,Brighton,MID,0,0,0,0,0,0,0,0,0,0,0,0,45,0.0
721,Matthew Cox,Brentford,GK,0,0,0,0,0,0,0,0,0,0,0,0,39,0.0
722,Michael Dacosta Gonzalez,Bournemouth,MID,0,0,0,0,0,0,0,0,0,0,0,0,44,0.0
723,Haydon Roberts,Brighton,DEF,0,0,0,0,0,0,0,0,0,0,0,0,40,0.0
724,Max Kinsey-Wellings,Bournemouth,DEF,0,0,0,0,0,0,0,0,0,0,0,0,40,0.0
725,Isaac Price,Everton,MID,0,32,0,0,0,0,0,0,0,0,1,0,45,0.0
726,Matthew Smith,Arsenal,MID,0,0,0,0,0,0,0,0,0,0,0,0,45,0.0
727,Matt Turner,Arsenal,GK,0,0,0,0,0,0,0,0,0,0,0,0,38,0.0
728,Harvey Vale,Chelsea,MID,0,0,0,0,0,0,0,0,0,0,0,0,45,0.0
729,Ivan Neves Abreu Cavaleiro,Fulham,MID,0,0,0,0,0,0,0,0,0,0,0,0,48,0.0
730,Matt Clarke,Brighton,DEF,0,0,0,0,0,0,0,0,0,0,0,0,40,0.0
731,Matija Šarkić,Wolves,GK,0,0,0,0,0,0,0,0,0,0,0,0,39,0.0
732,Jack Butland,Man Utd,GK,0,0,0,0,0,0,0,0,0,0,0,0,44,0.0
733,Harvey Griffiths,Wolves,MID,0,0,0,0,0,0,0,0,0,0,0,0,44,0.0
734,Nathan Butler-Oyedeji,Arsenal,FWD,0,0,0,0,0,0,0,0,0,0,0,0,45,0.0
735,Nathan Tella,Southampton,MID,0,0,0,0,0,0,0,0,0,0,0,0,50,0.0
736,Nathan Fraser,Wolves,FWD,0,0,0,0,0,0,0,0,0,0,0,0,45,0.0
737,Nathan Ferguson,Crystal Palace,DEF,0,0,0,0,0,0,0,0,0,0,0,0,39,0.0
738,Nathan Bishop,Man Utd,GK,0,0,0,0,0,0,0,0,0,0,0,0,40,0.0
739,Harvey Davies,Liverpool,GK,0,0,0,0,0,0,0,0,0,0,0,0,40,0.0
740,Hamza Choudhury,Leicester,MID,0,0,0,0,0,0,0,0,0,0,0,0,45,0.0
741,Harrison Ashby,Newcastle,DEF,0,0,0,0,0,0,0,0,0,0,0,0,38,0.0
742,Harry Arter,Nott'm Forest,MID,0,0,0,0,0,0,0,0,0,0,0,0,41,0.0
743,Mohamed Dräger,Nott'm Forest,DEF,0,0,0,0,0,0,0,0,0,0,0,0,40,0.0
744,Harry Winks,Spurs,MID,0,0,0,0,0,0,0,0,0,0,0,0,44,0.0
745,Oliver Hammond,Nott'm Forest,MID,0,0,0,0,0,0,0,0,0,0,0,0,43,0.0
