,name,position,team,GW,value,xP,mypred,actual_points
0,Fabian Schär,DEF,Newcastle,21,51,6.0,7.327581229979063,6
1,Brennan Johnson,FWD,Nott'm Forest,21,56,4.5,5.4648330615506815,5
2,Cheick Doucouré,MID,Crystal Palace,21,50,2.0,1.9954715189873418,2
3,Alisson Ramses Becker,GK,Liverpool,21,55,4.1,7.012801413150169,9
4,Che Adams,FWD,Southampton,21,63,4.0,1.996585269009331,2
5,Sam Greenwood,FWD,Leeds,21,42,1.4,0.9884159186354856,1
6,Kalvin Phillips,MID,Man City,21,48,1.3,0.9884159186354856,1
7,Luke Thomas,DEF,Leicester,21,42,2.0,4.601872477497606,4
8,Rodrigo Hernandez,MID,Man City,21,56,4.7,1.9954715189873418,2
9,Jack Grealish,MID,Man City,21,68,5.3,3.0021118894588934,3
10,Chris Wood,FWD,Nott'm Forest,21,56,2.3,1.9816808603915574,2
11,Leander Dendoncker,MID,Aston Villa,21,47,0.6,0.9884159186354856,1
12,Ibrahima Konaté,DEF,Liverpool,21,48,1.7,6.7721277452865545,6
13,Aleksandar Mitrović,FWD,Fulham,21,71,3.2,1.9816808603915574,2
14,Christian Eriksen,MID,Man Utd,21,63,3.5,1.8663268399777815,2
15,Joe Willock,MID,Newcastle,21,48,3.0,3.0021118894588934,3
16,Roméo Lavia,MID,Southampton,21,45,1.4,3.0021118894588934,3
17,Kristoffer Ajer,DEF,Brentford,21,45,2.4,6.217312030323216,6
18,Gustavo Henrique Furtado Scarpa,MID,Nott'm Forest,21,50,0.2,-0.017145547326804775,0
19,Will Hughes,MID,Crystal Palace,21,48,0.7,-0.017145547326804775,0
20,Orel Mangala,MID,Nott'm Forest,21,49,1.1,0.9884159186354856,1
21,Cristian Romero,DEF,Spurs,21,49,2.2,5.0626726863106,5
22,Jack Harrison,MID,Leeds,21,58,2.4,3.0021118894588934,3
23,Luis Sinisterra Lucumí,MID,Leeds,21,65,0.2,0.9884159186354856,1
24,Nathaniel Clyne,DEF,Crystal Palace,21,45,2.0,0.9884159186354856,1
25,Trevoh Chalobah,DEF,Chelsea,21,46,1.5,5.0476726863106,5
26,Chris Richards,DEF,Crystal Palace,21,44,1.3,6.3996039458503935,6
27,Rodrigo Moreno,MID,Leeds,21,64,3.0,1.9954715189873418,2
28,Mohammed Salisu,DEF,Southampton,21,44,1.6,1.9911596600751045,2
29,Frederico Rodrigues de Paula Santos,MID,Man Utd,21,51,1.2,0.9884159186354856,1
30,Lucas Tolentino Coelho de Lima,MID,West Ham,21,59,3.2,1.9954715189873418,2
31,Jean-Philippe Mateta,FWD,Crystal Palace,21,51,0.8,0.9884159186354856,1
32,Alexander Isak,FWD,Newcastle,21,66,1.8,0.9884159186354856,1
33,Erling Haaland,FWD,Man City,21,122,8.7,18.453333333333333,17
34,David Ozoh,MID,Crystal Palace,21,45,0.2,0.9884159186354856,1
35,Danilo dos Santos de Oliveira,MID,Nott'm Forest,21,45,0.9,0.9884159186354856,1
36,Mislav Orsic,MID,Southampton,21,55,0.5,0.9884159186354856,1
37,Sékou Mara,FWD,Southampton,21,53,1.2,0.9884159186354856,1
38,Scott McTominay,MID,Man Utd,21,49,0.2,1.8710808400866443,2
39,James Milner,MID,Liverpool,21,44,0.9,1.9954715189873418,2
40,Kevin De Bruyne,MID,Man City,21,125,3.8,6.035360841001741,6
41,Ben Mee,DEF,Brentford,21,47,4.4,6.228803884838019,6
42,Bruno Borges Fernandes,MID,Man Utd,21,98,6.0,5.425011370817341,5
43,Tyler Adams,MID,Leeds,21,49,2.2,3.0021118894588934,3
44,Jordan Zemura,DEF,Bournemouth,21,44,1.3,1.9911596600751045,2
45,Rob Holding,DEF,Arsenal,21,42,0.9,0.9884159186354856,1
46,Ivan Toney,FWD,Brentford,21,76,5.4,0.9932729052127902,1
47,Nampalys Mendy,MID,Leicester,21,43,1.0,1.8663268399777815,2
48,Kurt Zouma,DEF,West Ham,21,44,2.2,9.784252878993886,11
49,Moussa Djenepo,MID,Southampton,21,50,0.4,0.9884159186354856,1
50,Morgan Gibbs-White,MID,Nott'm Forest,21,55,2.9,1.9816808603915574,2
51,Ryan Christie,MID,Bournemouth,21,53,2.1,1.9816808603915574,2
52,Pervis Estupiñán,DEF,Brighton,21,45,3.8,9.05358543417367,9
53,Carney Chukwuemeka,MID,Chelsea,21,43,0.8,0.9884159186354856,1
54,Matty Cash,DEF,Aston Villa,21,46,0.6,0.9884159186354856,1
55,Bernardo Veiga de Carvalho e Silva,MID,Man City,21,68,2.0,0.9884159186354856,1
56,Raphaël Varane,DEF,Man Utd,21,48,2.3,0.8499750658742785,1
57,Vitalii Mykolenko,DEF,Everton,21,43,0.8,0.7149876584612855,0
58,Vitaly Janelt,MID,Brentford,21,55,3.0,0.9884159186354856,1
59,Robert Sánchez,GK,Brighton,21,46,4.2,1.8530655667682323,1
60,Luke Ayling,DEF,Leeds,21,45,3.2,7.36632296314074,8
61,Hugo Bueno López,DEF,Wolves,21,39,2.2,0.8499750658742785,1
62,Pierre-Emile Højbjerg,MID,Spurs,21,55,4.0,3.0021118894588934,3
63,Declan Rice,MID,West Ham,21,48,2.0,3.0021118894588934,3
64,Daniel Amartey,DEF,Leicester,21,42,1.0,0.8499750658742785,1
65,David Raya Martin,GK,Brentford,21,46,6.0,7.623864822772614,10
66,Solly March,MID,Brighton,21,51,9.2,1.8663268399777815,2
67,Maximilian Wöber,DEF,Leeds,21,45,4.0,6.158962934898232,7
68,Brenden Aaronson,MID,Leeds,21,54,2.4,3.0021118894588934,3
69,Danny Ward,GK,Leicester,21,41,1.8,1.8530655667682323,1
70,Jack Stephens,DEF,Bournemouth,21,43,0.9,1.9911596600751045,2
71,Ederson Santana de Moraes,GK,Man City,21,54,4.3,6.102537073309645,6
72,Angelo Ogbonna,DEF,West Ham,21,44,2.0,6.998494492086373,7
73,Jarrod Bowen,MID,West Ham,21,80,5.8,14.609330396090202,16
74,Bryan Mbeumo,FWD,Brentford,21,59,3.6,1.996585269009331,2
75,Naby Keita,MID,Liverpool,21,47,1.9,3.0021118894588934,3
76,Amadou Onana,MID,Everton,21,48,2.8,1.8663268399777815,2
77,Marcus Rashford,MID,Man Utd,21,71,7.2,7.297786559812391,7
78,Alexandre Moreno Lopera,DEF,Aston Villa,21,45,3.5,5.472833111157071,5
79,Julián Álvarez,FWD,Man City,21,60,2.5,0.9884159186354856,1
80,Takehiro Tomiyasu,DEF,Arsenal,21,42,1.7,5.697444709020532,4
81,John Stones,DEF,Man City,21,54,4.7,6.360057696986809,8
82,Nathan Aké,DEF,Man City,21,50,3.5,0.9884159186354856,1
83,Bukayo Saka,MID,Arsenal,21,81,7.1,8.39791777963784,9
84,Lloyd Kelly,DEF,Bournemouth,21,43,1.3,0.9582903686318843,1
85,Trent Alexander-Arnold,DEF,Liverpool,21,73,3.7,0.9884159186354856,1
86,Kiernan Dewsbury-Hall,MID,Leicester,21,49,2.0,1.9816808603915574,2
87,Mohamed Salah,MID,Liverpool,21,128,4.7,3.0021118894588934,3
88,Thomas Partey,MID,Arsenal,21,48,2.7,1.8663268399777815,2
89,Gavin Bazunu,GK,Southampton,21,45,3.2,2.639074251304083,3
90,Lyanco Silveira Neves Vojnovic,DEF,Southampton,21,44,1.2,0.9582903686318843,1
91,Lewis Hall,MID,Chelsea,21,44,0.5,0.9884159186354856,1
92,Lewis Dunk,DEF,Brighton,21,47,2.6,0.8499750658742785,1
93,Dennis Praet,MID,Leicester,21,48,0.6,0.9884159186354856,1
94,Wout Faes,DEF,Leicester,21,43,0.4,0.8499750658742785,1
95,Mario Lemina,MID,Wolves,21,45,0.0,0.9475499944585344,1
96,William Saliba,DEF,Arsenal,21,53,3.9,0.8499750658742785,1
97,Willian Borges da Silva,MID,Fulham,21,55,4.2,1.9816808603915574,2
98,Emiliano Buendía Stati,MID,Aston Villa,21,57,5.6,3.0021118894588934,3
99,Son Heung-min,MID,Spurs,21,116,4.0,5.02,5
100,Aaron Ramsdale,GK,Arsenal,21,49,5.1,1.8530655667682323,1
101,Tyrick Mitchell,DEF,Crystal Palace,21,44,1.3,6.994073297703733,7
102,Max Kilman,DEF,Wolves,21,44,1.6,0.0033647565446305195,0
103,Dwight McNeil,MID,Everton,21,52,1.2,0.9884159186354856,1
104,Jefferson Lerma Solís,MID,Bournemouth,21,48,2.5,1.9816808603915574,2
105,Ezri Konsa Ngoyo,DEF,Aston Villa,21,44,3.4,6.220787403870531,7
106,Benoît Badiashile,DEF,Chelsea,21,50,3.0,7.527239257505996,6
107,Josh Dasilva,MID,Brentford,21,42,3.4,0.9884159186354856,1
108,Thiago Alcántara do Nascimento,MID,Liverpool,21,52,2.5,3.0021118894588934,3
109,João Palhinha Gonçalves,MID,Fulham,21,50,2.8,0.9975773887433849,1
110,Kieran Trippier,DEF,Newcastle,21,60,9.0,9.433754746735245,8
111,Bernd Leno,GK,Fulham,21,45,4.0,1.9816808603915574,2
112,Kyle Walker-Peters,DEF,Southampton,21,44,1.6,1.9911596600751045,2
113,Joe Rothwell,MID,Bournemouth,21,49,1.7,3.0021118894588934,3
114,Aymeric Laporte,DEF,Man City,21,57,2.3,6.288596611456499,8
115,Antony Matheus dos Santos,MID,Man Utd,21,74,1.3,0.9475499944585344,1
116,Joelinton Cássio Apolinário de Lira,MID,Newcastle,21,59,4.6,1.9954715189873418,2
117,Alex Iwobi,MID,Everton,21,54,2.4,1.8663268399777815,2
118,Ben Pearson,MID,Bournemouth,21,44,0.9,0.9884159186354856,1
119,Sven Botman,DEF,Newcastle,21,45,6.0,6.443142330931664,6
120,Saïd Benrahma,MID,West Ham,21,56,2.8,3.0021118894588934,3
121,Fabio Henrique Tavares,MID,Liverpool,21,53,1.9,0.9884159186354856,1
122,Hakim Ziyech,MID,Chelsea,21,55,1.7,3.0021118894588934,3
123,Willy Boly,DEF,Nott'm Forest,21,42,0.8,1.9911596600751045,2
124,Tomas Soucek,MID,West Ham,21,51,1.4,0.9884159186354856,1
125,Mads Roerslev Rasmussen,DEF,Brentford,21,43,3.2,6.166191005073672,6
126,Wilfried Zaha,MID,Crystal Palace,21,73,2.3,3.0021118894588934,3
127,Sean Longstaff,MID,Newcastle,21,43,3.0,3.0021118894588934,3
128,Tom Davies,MID,Everton,21,49,0.6,0.9884159186354856,1
129,Granit Xhaka,MID,Arsenal,21,50,3.9,5.518468439664535,5
130,Lisandro Martínez,DEF,Man Utd,21,45,1.3,10.048720489146824,8
131,Harvey Barnes,MID,Leicester,21,67,3.0,7.493680661742882,7
132,Idrissa Gueye,MID,Everton,21,49,2.8,1.8663268399777815,2
133,Michail Antonio,FWD,West Ham,21,70,2.2,4.897142857142857,5
134,Mohamed Elyounoussi,MID,Southampton,21,52,1.6,0.9884159186354856,1
135,Rodrigo Bentancur,MID,Spurs,21,54,1.2,1.9954715189873418,2
136,Mason Mount,MID,Chelsea,21,75,3.2,3.0021118894588934,3
137,Nayef Aguerd,DEF,West Ham,21,48,1.4,6.992175429898318,6
138,Manor Solomon,MID,Fulham,21,49,-0.2,0.9884159186354856,1
139,Raúl Jiménez,FWD,Wolves,21,67,-0.4,0.9884159186354856,1
140,Kai Havertz,FWD,Chelsea,21,78,3.8,1.996585269009331,2
141,Ibrahima Diallo,MID,Southampton,21,43,0.8,1.9816808603915574,2
142,Adam Armstrong,FWD,Southampton,21,54,1.2,1.9816808603915574,2
143,Joe Worrall,DEF,Nott'm Forest,21,42,2.7,0.9582903686318843,1
144,Danny Welbeck,FWD,Brighton,21,65,1.4,1.8663268399777815,2
145,Jorge Luiz Frello Filho,MID,Chelsea,21,58,1.3,3.102046954393958,3
146,Wayne Hennessey,GK,Nott'm Forest,21,39,0.3,1.9816808603915574,2
147,Andreas Hoelgebaum Pereira,MID,Fulham,21,45,2.3,1.9816808603915574,2
148,Oleksandr Zinchenko,DEF,Arsenal,21,50,3.3,0.8499750658742785,1
149,Emerson Leite de Souza Junior,DEF,Spurs,21,49,3.5,6.8832757276536105,9
150,Daniel Castelo Podence,MID,Wolves,21,53,3.8,0.9884159186354856,1
151,Michael Olise,MID,Crystal Palace,21,54,4.5,-0.017145547326804775,0
152,Marc Cucurella Saseta,DEF,Chelsea,21,52,2.3,7.015233700236584,6
153,Ollie Watkins,FWD,Aston Villa,21,71,3.3,5.982371704878398,8
154,Adam Smith,DEF,Bournemouth,21,44,1.3,1.9911596600751045,2
155,Leandro Trossard,MID,Arsenal,21,67,1.3,0.9884159186354856,1
156,Ben Johnson,DEF,West Ham,21,44,0.2,0.9884159186354856,1
157,Jacob Murphy,MID,Newcastle,21,42,1.0,0.9884159186354856,1
158,Sam Surridge,FWD,Nott'm Forest,21,47,1.9,6.331461181043337,8
159,Jamie Vardy,FWD,Leicester,21,91,1.8,1.9816808603915574,2
160,Benjamin White,DEF,Arsenal,21,47,4.1,-0.017145547326804775,0
161,Jacob Ramsey,MID,Aston Villa,21,52,1.2,3.6819186846987013,3
162,Allan Saint-Maximin,MID,Newcastle,21,62,1.0,0.9884159186354856,1
163,Kieffer Moore,FWD,Bournemouth,21,53,2.3,1.9816808603915574,2
164,Kaoru Mitoma,MID,Brighton,21,50,6.6,8.31745210281065,10
165,Flynn Downes,MID,West Ham,21,42,0.4,0.9884159186354856,1
166,Norberto Murara Neto,GK,Bournemouth,21,45,1.1,2.5379476167896526,3
167,Issa Diop,DEF,Fulham,21,43,1.7,1.9911596600751045,2
168,Rico Henry,DEF,Brentford,21,45,2.2,6.659482168662638,6
169,Harry Wilson,MID,Fulham,21,57,0.3,0.9884159186354856,1
170,Tim Ream,DEF,Fulham,21,45,4.5,1.9911596600751045,2
171,Joel Ward,DEF,Crystal Palace,21,45,2.0,6.3643731731772855,6
172,Hwang Hee-chan,MID,Wolves,21,57,0.4,0.9884159186354856,1
173,Harvey Elliott,MID,Liverpool,21,49,1.9,3.0021118894588934,3
174,Robin Koch,DEF,Leeds,21,45,2.0,5.056048754686668,5
175,Rayan Aït-Nouri,DEF,Wolves,21,42,1.0,0.9884159186354856,1
176,Kepa Arrizabalaga,GK,Chelsea,21,46,5.2,7.7829759567326615,9
177,Yoane Wissa,MID,Brentford,21,53,2.6,-0.017145547326804775,0
178,Pierre-Emerick Aubameyang,FWD,Chelsea,21,85,0.5,0.9884159186354856,1
179,James Tarkowski,DEF,Everton,21,43,1.0,0.0033647565446305195,0
180,Stefan Bajcetic,MID,Liverpool,21,44,2.3,1.9954715189873418,2
181,Dominic Calvert-Lewin,FWD,Everton,21,79,1.6,1.8663268399777815,2
182,Marc Albrighton,MID,Leicester,21,47,2.0,7.22284190872395,6
183,Adama Traoré Diarra,MID,Wolves,21,55,0.0,0.9884159186354856,1
184,Adam Lallana,MID,Brighton,21,49,3.2,0.9884159186354856,1
185,Eric Dier,DEF,Spurs,21,51,2.8,7.364349962815515,6
186,Gabriel Martinelli Silva,MID,Arsenal,21,68,5.5,1.8663268399777815,2
187,Evan Ferguson,FWD,Brighton,21,46,5.6,5.948169335218636,6
188,Neco Williams,DEF,Nott'm Forest,21,40,0.5,0.9884159186354856,1
189,Patson Daka,FWD,Leicester,21,57,1.2,0.9884159186354856,1
190,Thiago Emiliano da Silva,DEF,Chelsea,21,54,3.7,7.6058896687145205,6
191,Illan Meslier,GK,Leeds,21,45,3.8,6.198602457201115,6
192,Wout Weghorst,FWD,Man Utd,21,60,0.8,1.8663268399777815,2
193,Moisés Caicedo Corozo,MID,Brighton,21,50,2.2,1.8663268399777815,2
194,David De Gea Quintana,GK,Man Utd,21,49,4.0,1.8530655667682323,1
195,Lukasz Fabianski,GK,West Ham,21,50,2.8,6.108299630328762,6
196,Curtis Jones,MID,Liverpool,21,49,0.7,-0.017145547326804775,0
197,Duje Caleta-Car,DEF,Southampton,21,45,1.0,1.9911596600751045,2
198,Luke Shaw,DEF,Man Utd,21,52,5.5,0.0033647565446305195,0
199,Timothy Castagne,DEF,Leicester,21,46,1.0,0.8499750658742785,1
200,Rico Lewis,DEF,Man City,21,39,2.7,0.9884159186354856,1
201,Richarlison de Andrade,FWD,Spurs,21,84,1.0,0.9884159186354856,1
202,Kenny Tete,DEF,Fulham,21,44,3.2,1.9911596600751045,2
203,Callum Wilson,FWD,Newcastle,21,72,1.6,1.996585269009331,2
204,Ilkay Gündogan,MID,Man City,21,73,3.3,6.035360841001741,6
205,Patrick Bamford,FWD,Leeds,21,72,1.4,0.9884159186354856,1
206,Ben Davies,DEF,Spurs,21,48,2.3,6.500431798222182,7
207,Conor Coady,DEF,Everton,21,50,0.8,0.8499750658742785,1
208,Tyrone Mings,DEF,Aston Villa,21,43,4.2,6.274302417601753,6
209,José Malheiro de Sá,GK,Wolves,21,50,3.2,1.8530655667682323,2
210,Demarai Gray,MID,Everton,21,53,4.8,1.8663268399777815,2
211,Antonee Robinson,DEF,Fulham,21,44,2.5,1.9907641798491158,2
212,Aaron Wan-Bissaka,DEF,Man Utd,21,43,3.8,0.8499750658742785,1
213,Matheus Luiz Nunes,MID,Wolves,21,48,1.0,1.8663268399777815,2
214,Jordan Pickford,GK,Everton,21,44,1.4,1.8530655667682323,1
215,Pascal Groß,MID,Brighton,21,56,4.2,1.8663268399777815,2
216,Serge Aurier,DEF,Nott'm Forest,21,45,5.3,1.9911596600751045,2
217,Manuel Akanji,DEF,Man City,21,50,3.2,6.818214848682027,6
218,Rúben da Silva Neves,MID,Wolves,21,54,1.0,1.8663268399777815,2
219,Emiliano Martínez Romero,GK,Aston Villa,21,49,2.6,10.285017041415166,10
220,Siriki Dembélé,MID,Bournemouth,21,47,1.5,0.9884159186354856,1
221,Christian Nørgaard,MID,Brentford,21,53,4.6,3.0021118894588934,3
222,Pablo Sarabia,MID,Wolves,21,55,1.1,0.7959960368862237,1
223,Tariq Lamptey,DEF,Brighton,21,42,0.8,0.9884159186354856,1
224,Scott McKenna,DEF,Nott'm Forest,21,44,0.9,0.9884159186354856,1
225,Jeffrey Schlupp,MID,Crystal Palace,21,47,2.5,3.0021118894588934,3
226,Mykhailo Mudryk,MID,Chelsea,21,70,2.0,0.9884159186354856,1
227,Douglas Luiz Soares de Paulo,MID,Aston Villa,21,48,5.0,5.0,5
228,Jordan Ayew,MID,Crystal Palace,21,53,3.3,3.0021118894588934,3
229,Andrew Robertson,DEF,Liverpool,21,68,4.1,6.204450651439495,6
230,Nélson Cabral Semedo,DEF,Wolves,21,50,2.4,0.8499750658742785,1
231,Harry Kane,FWD,Spurs,21,117,6.8,6.445834451423511,6
232,Dango Ouattara,MID,Bournemouth,21,50,2.4,5.84961058139302,5
233,Alejandro Garnacho,MID,Man Utd,21,42,1.3,0.9884159186354856,1
234,Cody Gakpo,MID,Liverpool,21,80,2.2,3.0021118894588934,3
235,Marc Guéhi,DEF,Crystal Palace,21,44,2.3,5.535217307892244,5
236,Philippe Coutinho Correia,MID,Aston Villa,21,66,0.8,0.9884159186354856,1
237,Dan Burn,DEF,Newcastle,21,45,6.6,6.264380825761699,6
238,Yves Bissouma,MID,Spurs,21,47,1.3,0.9884159186354856,1
239,Conor Gallagher,MID,Chelsea,21,57,0.8,3.0021118894588934,3
240,Joël Veltman,DEF,Brighton,21,46,2.6,0.8499750658742785,1
241,Boubacar Kamara,MID,Aston Villa,21,48,2.8,3.0021118894588934,3
242,James Ward-Prowse,MID,Southampton,21,62,6.2,1.9816808603915574,2
243,César Azpilicueta,DEF,Chelsea,21,48,0.7,0.9884159186354856,1
244,Joseph Gomez,DEF,Liverpool,21,43,2.5,6.774384719462371,7
245,Mathias Jensen,MID,Brentford,21,48,4.6,3.0021118894588934,3
246,Jan Paul van Hecke,DEF,Brighton,21,40,0.2,0.8499750658742785,1
247,Ivan Perišić,DEF,Spurs,21,55,3.8,6.322486508546068,6
248,Eddie Nketiah,FWD,Arsenal,21,66,6.5,12.766397435897437,13
249,Yerry Mina,DEF,Everton,21,43,2.4,0.8499750658742785,1
250,Remo Freuler,MID,Nott'm Forest,21,49,1.7,1.9816808603915574,2
251,Dejan Kulusevski,MID,Spurs,21,79,3.2,3.0021118894588934,3
252,Leon Bailey,MID,Aston Villa,21,45,4.4,3.0021118894588934,3
253,James Maddison,MID,Leicester,21,80,0.2,0.9884159186354856,1
254,Cole Palmer,MID,Man City,21,43,1.2,0.9884159186354856,1
255,Jordan Henderson,MID,Liverpool,21,53,1.7,0.9884159186354856,1
256,Nathan Collins,DEF,Wolves,21,44,1.6,0.8499750658742785,1
257,Jaidon Anthony,MID,Bournemouth,21,52,3.7,8.808760072180634,10
258,Pascal Struijk,DEF,Leeds,21,45,4.0,6.271281032048721,6
259,Matheus Santos Carneiro Da Cunha,FWD,Wolves,21,55,0.3,0.7959960368862237,1
260,Ryan Yates,MID,Nott'm Forest,21,50,1.1,0.9884159186354856,1
261,Darwin Núñez Ribeiro,FWD,Liverpool,21,88,1.7,0.9884159186354856,1
262,Seamus Coleman,DEF,Everton,21,44,0.8,0.7149876584612855,0
263,Samuel Edozie,MID,Southampton,21,47,2.0,3.0021118894588934,3
264,Marc Roca Junqué,MID,Leeds,21,48,1.8,3.0021118894588934,3
265,Vladimir Coufal,DEF,West Ham,21,41,2.0,6.2929916408875,6
266,Riyad Mahrez,MID,Man City,21,76,8.5,6.035360841001741,6
267,Carlos Vinícius Alves Morais,FWD,Fulham,21,54,1.5,0.9884159186354856,1
268,Danny Ings,FWD,West Ham,21,64,2.4,0.9884159186354856,1
269,Renan Augusto Lodi dos Santos,DEF,Nott'm Forest,21,43,3.1,1.9911596600751045,3
270,Miguel Almirón Rejala,MID,Newcastle,21,59,3.8,3.0021118894588934,3
271,Odsonne Edouard,FWD,Crystal Palace,21,52,1.2,1.996585269009331,2
272,Tom Cairney,MID,Fulham,21,47,0.3,0.9884159186354856,1
273,Wilfried Gnonto,FWD,Leeds,21,50,3.0,1.996585269009331,2
274,Youri Tielemans,MID,Leicester,21,62,2.2,5.103598745258311,5
275,Romain Perraud,DEF,Southampton,21,43,0.4,0.9884159186354856,1
276,Harrison Reed,MID,Fulham,21,45,1.8,1.9816808603915574,2
277,Alexis Mac Allister,MID,Brighton,21,54,1.0,0.9475499944585344,1
278,Eberechi Eze,MID,Crystal Palace,21,56,2.7,3.0021118894588934,3
279,Bobby De Cordova-Reid,MID,Fulham,21,55,2.8,1.9816808603915574,2
280,Bruno Guimarães Rodriguez Moura,MID,Newcastle,21,56,0.7,3.0021118894588934,3
281,Gabriel dos Santos Magalhães,DEF,Arsenal,21,52,3.3,0.8499750658742785,1
282,Emerson Palmieri dos Santos,DEF,West Ham,21,40,1.4,6.416853212371263,6
283,Martin Ødegaard,MID,Arsenal,21,68,8.5,5.019247431612061,5
284,João Filipe Iria Santos Moutinho,MID,Wolves,21,47,2.2,0.7959960368862237,1
285,Ethan Pinnock,DEF,Brentford,21,44,4.4,6.464055180401955,6
286,Vicente Guaita,GK,Crystal Palace,21,45,4.3,10.223989104119134,10
287,Hugo Lloris,GK,Spurs,21,55,3.3,9.161401553475855,9
288,Nick Pope,GK,Newcastle,21,54,6.6,6.107549630328761,6
289,Ashley Young,DEF,Aston Villa,21,44,3.4,6.876073219637079,6
290,Fabian Schär,DEF,Newcastle,22,52,4.7,1.9911596600751045,2
291,Enzo Fernández,MID,Chelsea,22,50,1.8,3.7819186846987014,3
292,Brennan Johnson,FWD,Nott'm Forest,22,56,8.2,9.617405920070382,9
293,Cheick Doucouré,MID,Crystal Palace,22,50,2.8,5.019247431612061,6
294,Alisson Ramses Becker,GK,Liverpool,22,54,5.3,1.8530655667682323,2
295,Che Adams,FWD,Southampton,22,63,4.3,1.8663268399777815,2
296,Sam Greenwood,FWD,Leeds,22,41,2.5,0.9884159186354856,1
297,Sam Greenwood,FWD,Leeds,22,41,2.5,0.9884159186354856,1
298,Luke Thomas,DEF,Leicester,22,42,2.3,0.9884159186354856,1
299,Rodrigo Hernandez,MID,Man City,22,56,3.3,1.9816808603915574,2
300,Alex Oxlade-Chamberlain,MID,Liverpool,22,49,2.0,0.9884159186354856,1
301,Jack Grealish,MID,Man City,22,68,3.5,0.9975773887433849,1
302,Chris Wood,FWD,Nott'm Forest,22,56,0.9,1.996585269009331,2
303,Leander Dendoncker,MID,Aston Villa,22,47,0.7,0.9884159186354856,1
304,Keylor Navas,GK,Nott'm Forest,22,45,1.9,8.176557640809794,9
305,Aleksandar Mitrović,FWD,Fulham,22,70,0.5,1.996585269009331,2
306,Joe Willock,MID,Newcastle,22,47,2.3,0.9975773887433849,1
307,Roméo Lavia,MID,Southampton,22,45,1.7,0.9475499944585344,1
308,Will Hughes,MID,Crystal Palace,22,48,0.8,1.8663268399777815,2
309,Orel Mangala,MID,Nott'm Forest,22,49,1.2,0.9884159186354856,1
310,Cristian Romero,DEF,Spurs,22,49,1.3,6.393893765271888,3
311,Jack Harrison,MID,Leeds,22,58,4.9,1.9816808603915574,2
312,Jack Harrison,MID,Leeds,22,58,4.9,1.9816808603915574,2
313,Luis Sinisterra Lucumí,MID,Leeds,22,65,2.1,0.9884159186354856,1
314,Luis Sinisterra Lucumí,MID,Leeds,22,65,2.1,0.9884159186354856,1
315,Nathaniel Clyne,DEF,Crystal Palace,22,45,1.2,0.8499750658742785,1
316,Chris Richards,DEF,Crystal Palace,22,44,2.2,0.8499750658742785,1
317,Mohammed Salisu,DEF,Southampton,22,44,1.3,0.0033647565446305195,0
318,Frederico Rodrigues de Paula Santos,MID,Man Utd,22,51,2.8,1.9816808603915574,2
319,Frederico Rodrigues de Paula Santos,MID,Man Utd,22,51,2.8,1.8663268399777815,2
320,Lucas Tolentino Coelho de Lima,MID,West Ham,22,59,4.7,8.325868704099427,10
321,Jean-Philippe Mateta,FWD,Crystal Palace,22,51,1.0,0.9884159186354856,1
322,Liam Cooper,DEF,Leeds,22,44,2.1,1.9911596600751045,2
323,Erling Haaland,FWD,Man City,22,122,7.3,1.9816808603915574,2
324,Danilo dos Santos de Oliveira,MID,Nott'm Forest,22,45,0.0,-0.017145547326804775,0
325,James Milner,MID,Liverpool,22,44,2.0,0.9884159186354856,1
326,Kevin De Bruyne,MID,Man City,22,124,3.5,0.9884159186354856,1
327,Ben Mee,DEF,Brentford,22,48,8.7,12.9244343247501,13
328,Mateo Joseph Fernández,FWD,Leeds,22,45,0.9,0.9884159186354856,1
329,Matías Viña,DEF,Bournemouth,22,45,2.0,0.9884159186354856,1
330,Bruno Borges Fernandes,MID,Man Utd,22,99,14.4,10.375448903495844,10
331,Bruno Borges Fernandes,MID,Man Utd,22,99,14.4,1.8663268399777815,2
332,Tyler Adams,MID,Leeds,22,49,4.5,1.9816808603915574,2
333,Tyler Adams,MID,Leeds,22,49,4.5,0.9475499944585344,1
334,Jordan Zemura,DEF,Bournemouth,22,44,1.3,1.9907641798491158,2
335,Ivan Toney,FWD,Brentford,22,77,3.7,1.0332729052127902,1
336,Nampalys Mendy,MID,Leicester,22,43,1.7,0.9884159186354856,1
337,Fábio Ferreira Vieira,MID,Arsenal,22,56,1.2,0.9884159186354856,1
338,Morgan Gibbs-White,MID,Nott'm Forest,22,55,1.1,3.0021118894588934,3
339,Ryan Christie,MID,Bournemouth,22,53,1.7,0.9884159186354856,1
340,Pervis Estupiñán,DEF,Brighton,22,46,7.0,6.271281032048721,6
341,Matty Cash,DEF,Aston Villa,22,46,0.7,0.9884159186354856,1
342,Bernardo Veiga de Carvalho e Silva,MID,Man City,22,68,2.0,1.9816808603915574,2
343,Raphaël Varane,DEF,Man Utd,22,48,2.4,1.9911596600751045,2
344,Raphaël Varane,DEF,Man Utd,22,48,2.4,0.22208608582998324,-1
345,Vitalii Mykolenko,DEF,Everton,22,43,1.5,5.116048754686669,5
346,Kyle Walker,DEF,Man City,22,48,1.3,0.9582903686318843,1
347,Vitaly Janelt,MID,Brentford,22,55,1.7,0.9884159186354856,1
348,Robert Sánchez,GK,Brighton,22,46,5.3,6.479741112696968,8
349,Luke Ayling,DEF,Leeds,22,45,6.5,1.9911596600751045,2
350,Luke Ayling,DEF,Leeds,22,45,6.5,1.4120140531568588,1
351,Pierre-Emile Højbjerg,MID,Spurs,22,55,2.7,6.886714683248551,7
352,Declan Rice,MID,West Ham,22,47,3.7,5.24444905620467,7
353,Kamaldeen Sulemana,MID,Southampton,22,50,1.9,0.9884159186354856,1
354,Anthony Gordon,MID,Newcastle,22,52,0.7,0.9884159186354856,1
355,David Raya Martin,GK,Brentford,22,47,7.3,8.4403919543793,7
356,Aaron Hickey,DEF,Brentford,22,49,2.0,6.213858856217858,6
357,Solly March,MID,Brighton,22,52,8.0,3.0021118894588934,3
358,Maximilian Wöber,DEF,Leeds,22,45,5.5,0.9582903686318843,1
359,Maximilian Wöber,DEF,Leeds,22,45,5.5,0.9876881802202837,1
360,Brenden Aaronson,MID,Leeds,22,54,3.5,0.9884159186354856,1
361,Danny Ward,GK,Leicester,22,40,1.7,1.8530655667682323,2
362,Ederson Santana de Moraes,GK,Man City,22,54,2.7,1.070778446944443,1
363,Angelo Ogbonna,DEF,West Ham,22,44,3.7,1.9911596600751045,2
364,Jarrod Bowen,MID,West Ham,22,80,6.7,1.9816808603915574,2
365,Noni Madueke,MID,Chelsea,22,55,2.6,0.9884159186354856,1
366,Jan Bednarek,DEF,Southampton,22,42,0.3,0.8499750658742785,1
367,Bryan Mbeumo,FWD,Brentford,22,58,5.3,12.652740672371108,12
368,Naby Keita,MID,Liverpool,22,47,3.0,1.8663268399777815,2
369,Amadou Onana,MID,Everton,22,48,3.8,1.9954715189873418,2
370,Billy Gilmour,MID,Brighton,22,43,0.3,0.9884159186354856,1
371,Marcus Rashford,MID,Man Utd,22,72,15.6,10.42798438564615,12
372,Marcus Rashford,MID,Man Utd,22,72,15.6,8.29965885358136,8
373,Alexandre Moreno Lopera,DEF,Aston Villa,22,45,2.7,0.9884159186354856,1
374,Julián Álvarez,FWD,Man City,22,60,3.0,1.9816808603915574,2
375,Takehiro Tomiyasu,DEF,Arsenal,22,42,2.5,0.9884159186354856,1
376,Lucas Digne,DEF,Aston Villa,22,46,0.3,0.7149876584612855,0
377,Nathan Aké,DEF,Man City,22,50,1.7,1.9911596600751045,2
378,Bukayo Saka,MID,Arsenal,22,82,6.2,1.9816808603915574,2
379,Weston McKennie,MID,Leeds,22,50,4.3,0.9884159186354856,1
380,Weston McKennie,MID,Leeds,22,50,4.3,0.9475499944585344,1
381,Trent Alexander-Arnold,DEF,Liverpool,22,73,1.7,0.8499750658742785,1
382,Kiernan Dewsbury-Hall,MID,Leicester,22,49,1.3,1.8663268399777815,2
383,Mohamed Salah,MID,Liverpool,22,127,3.3,1.8663268399777815,2
384,Thomas Partey,MID,Arsenal,22,47,1.9,0.9884159186354856,1
385,Carlos Alcaraz,MID,Southampton,22,50,0.7,0.9884159186354856,1
386,Gavin Bazunu,GK,Southampton,22,45,2.3,1.8530655667682323,1
387,Mathias Jorgensen,DEF,Brentford,22,40,0.7,0.9884159186354856,1
388,Ben Chilwell,DEF,Chelsea,22,58,0.7,0.9884159186354856,1
389,Lewis Dunk,DEF,Brighton,22,47,4.0,5.5601133674524705,6
390,Dennis Praet,MID,Leicester,22,48,2.7,6.4319089214430365,6
391,Wout Faes,DEF,Leicester,22,43,1.0,0.878816088460983,1
392,Mario Lemina,MID,Wolves,22,45,0.7,3.0021118894588934,3
393,William Saliba,DEF,Arsenal,22,53,3.5,1.9907641798491158,2
394,Craig Dawson,DEF,Wolves,22,48,3.0,13.33291003148898,12
395,Willian Borges da Silva,MID,Fulham,22,55,3.7,3.0021118894588934,3
396,Emiliano Buendía Stati,MID,Aston Villa,22,57,6.3,5.064392564710738,5
397,Son Heung-min,MID,Spurs,22,116,2.5,3.0021118894588934,3
398,Aaron Ramsdale,GK,Arsenal,22,49,5.5,2.5379476167896526,3
399,Tyrick Mitchell,DEF,Crystal Palace,22,44,2.8,0.0033647565446305195,0
400,Max Kilman,DEF,Wolves,22,43,5.7,9.212703704414754,11
401,Dwight McNeil,MID,Everton,22,51,2.2,6.3781548772890595,7
402,Harry Souttar,DEF,Leicester,22,45,1.5,0.076847990591888,-1
403,Jefferson Lerma Solís,MID,Bournemouth,22,48,2.0,2.7670030630528935,2
404,Ezri Konsa Ngoyo,DEF,Aston Villa,22,44,3.0,0.6646648745908437,0
405,Benoît Badiashile,DEF,Chelsea,22,50,5.5,7.352645330467394,6
406,Chris Mepham,DEF,Bournemouth,22,44,1.0,1.9911596600751045,2
407,Josh Dasilva,MID,Brentford,22,42,3.3,3.0021118894588934,3
408,Thiago Alcántara do Nascimento,MID,Liverpool,22,52,3.3,1.8663268399777815,2
409,João Palhinha Gonçalves,MID,Fulham,22,50,1.3,1.9954715189873418,2
410,Kieran Trippier,DEF,Newcastle,22,61,6.3,2.0009410808401316,2
411,Bernd Leno,GK,Fulham,22,45,3.3,7.046990723839481,6
412,Joe Rothwell,MID,Bournemouth,22,49,1.7,0.9884159186354856,1
413,Antony Matheus dos Santos,MID,Man Utd,22,73,2.4,0.9975773887433849,1
414,Joelinton Cássio Apolinário de Lira,MID,Newcastle,22,59,2.0,0.9975773887433849,1
415,Alex Iwobi,MID,Everton,22,54,1.8,3.0021118894588934,3
416,Joel Matip,DEF,Liverpool,22,59,0.7,0.22208608582998324,-1
417,Sven Botman,DEF,Newcastle,22,45,4.7,1.9911596600751045,2
418,Saïd Benrahma,MID,West Ham,22,56,2.0,1.9816808603915574,2
419,Victor Kristiansen,DEF,Leicester,22,45,2.0,0.8499750658742785,1
420,Hakim Ziyech,MID,Chelsea,22,55,3.3,0.9884159186354856,1
421,Willy Boly,DEF,Nott'm Forest,22,42,2.2,6.365002765949657,6
422,Tomas Soucek,MID,West Ham,22,51,1.0,0.9884159186354856,1
423,Mads Roerslev Rasmussen,DEF,Brentford,22,43,2.7,0.9884159186354856,1
424,Paul Onuachu,FWD,Southampton,22,55,1.8,0.9884159186354856,1
425,Sean Longstaff,MID,Newcastle,22,43,4.0,5.383196475989187,6
426,Granit Xhaka,MID,Arsenal,22,50,3.8,1.9816808603915574,2
427,Lisandro Martínez,DEF,Man Utd,22,45,5.2,1.9911596600751045,2
428,Lisandro Martínez,DEF,Man Utd,22,45,5.2,0.8499750658742785,1
429,Junior Firpo Adames,DEF,Leeds,22,45,1.5,0.9884159186354856,1
430,Junior Firpo Adames,DEF,Leeds,22,45,1.5,0.0033647565446305195,0
431,Harvey Barnes,MID,Leicester,22,67,5.7,8.468962382389984,8
432,Idrissa Gueye,MID,Everton,22,49,1.8,3.0021118894588934,3
433,Michail Antonio,FWD,West Ham,22,70,3.0,1.9816808603915574,2
434,Mohamed Elyounoussi,MID,Southampton,22,52,1.3,0.7959960368862237,1
435,Rodrigo Bentancur,MID,Spurs,22,54,1.0,1.9954715189873418,2
436,Mason Mount,MID,Chelsea,22,74,3.7,3.0021118894588934,3
437,Nayef Aguerd,DEF,West Ham,22,48,2.7,0.9582903686318843,1
438,Manor Solomon,MID,Fulham,22,49,0.3,0.9884159186354856,1
439,Raúl Jiménez,FWD,Wolves,22,67,0.0,0.9884159186354856,1
440,Mateus Cardoso Lemos Martins,MID,Leicester,22,55,2.1,7.745330632666601,8
441,Kai Havertz,FWD,Chelsea,22,78,3.5,1.996585269009331,2
442,Ibrahima Diallo,MID,Southampton,22,42,1.3,0.7959960368862237,1
443,Adam Armstrong,FWD,Southampton,22,54,1.3,0.9884159186354856,1
444,Danny Welbeck,FWD,Brighton,22,65,2.7,0.9884159186354856,1
445,Jorge Luiz Frello Filho,MID,Arsenal,22,58,2.3,0.9884159186354856,1
446,Layvin Kurzawa,DEF,Fulham,22,43,0.0,0.9884159186354856,1
447,Georginio Rutter,FWD,Leeds,22,55,1.9,0.9884159186354856,1
448,Georginio Rutter,FWD,Leeds,22,55,1.9,0.9884159186354856,1
449,Andreas Hoelgebaum Pereira,MID,Fulham,22,45,2.0,1.9954715189873418,2
450,Oleksandr Zinchenko,DEF,Arsenal,22,50,3.2,0.9582903686318843,1
451,Emerson Leite de Souza Junior,DEF,Spurs,22,49,5.0,7.397675062929563,6
452,Daniel Castelo Podence,MID,Wolves,22,53,2.3,0.9884159186354856,1
453,Michael Olise,MID,Crystal Palace,22,54,3.2,1.8663268399777815,2
454,Marc Cucurella Saseta,DEF,Chelsea,22,51,3.7,7.139296360408069,6
455,Ollie Watkins,FWD,Aston Villa,22,71,6.7,11.00142758571589,11
456,Adam Smith,DEF,Bournemouth,22,44,1.0,0.9582903686318843,1
457,Leandro Trossard,MID,Arsenal,22,67,1.2,0.9884159186354856,1
458,Ben Johnson,DEF,West Ham,22,44,0.7,0.9884159186354856,1
459,Jacob Murphy,MID,Newcastle,22,42,1.0,0.9884159186354856,1
460,Sam Surridge,FWD,Nott'm Forest,22,47,2.5,-0.017145547326804775,0
461,Jamie Vardy,FWD,Leicester,22,91,1.3,0.9884159186354856,1
462,Benjamin White,DEF,Arsenal,22,47,3.8,1.9911596600751045,2
463,Konstantinos Tsimikas,DEF,Liverpool,22,44,1.3,0.9884159186354856,1
464,Antoine Semenyo,FWD,Bournemouth,22,50,1.5,1.9816808603915574,2
465,Jacob Ramsey,MID,Aston Villa,22,52,2.3,0.7959960368862237,1
466,Allan Saint-Maximin,MID,Newcastle,22,61,1.3,1.9816808603915574,2
467,Kaoru Mitoma,MID,Brighton,22,51,9.0,8.850900354376341,11
468,Flynn Downes,MID,West Ham,22,42,0.7,0.9884159186354856,1
469,Norberto Murara Neto,GK,Bournemouth,22,45,2.0,2.6653512876593517,3
470,Issa Diop,DEF,Fulham,22,43,2.5,6.8070687328947095,8
471,Rico Henry,DEF,Brentford,22,45,5.7,10.194913692577195,11
472,Harry Wilson,MID,Fulham,22,57,0.3,-0.017145547326804775,0
473,Tim Ream,DEF,Fulham,22,45,2.7,6.755899380036619,8
474,Hwang Hee-chan,MID,Wolves,22,57,1.7,3.999455692473309,4
475,Kevin Schade,MID,Brentford,22,50,0.7,0.9884159186354856,1
476,Thilo Kehrer,DEF,West Ham,22,44,0.3,0.9884159186354856,1
477,Harvey Elliott,MID,Liverpool,22,49,2.7,0.9884159186354856,1
478,Robin Koch,DEF,Leeds,22,45,0.0,0.8499750658742785,1
479,Kelechi Iheanacho,FWD,Leicester,22,61,5.3,12.889410880299382,15
480,Rayan Aït-Nouri,DEF,Wolves,22,42,1.7,6.288596611456499,6
481,James Bree,DEF,Southampton,22,45,2.0,0.8499750658742785,1
482,Kepa Arrizabalaga,GK,Chelsea,22,46,8.0,7.999666679654024,10
483,Yoane Wissa,MID,Brentford,22,53,3.0,6.035360841001741,6
484,Marcel Sabitzer,MID,Man Utd,22,50,3.8,0.9884159186354856,1
485,Marcel Sabitzer,MID,Man Utd,22,50,3.8,0.9475499944585344,1
486,Adam Webster,DEF,Brighton,22,45,0.7,0.9884159186354856,1
487,James Tarkowski,DEF,Everton,22,42,4.8,12.45232020323943,15
488,Stefan Bajcetic,MID,Liverpool,22,44,2.3,1.8663268399777815,2
489,Dominic Calvert-Lewin,FWD,Everton,22,79,1.5,1.996585269009331,2
490,Adama Traoré Diarra,MID,Wolves,22,54,1.0,4.05006151257913,4
491,Eric Dier,DEF,Spurs,22,51,2.7,6.557900630190261,6
492,Neal Maupay,FWD,Everton,22,59,-0.5,-0.017145547326804775,0
493,Gabriel Martinelli Silva,MID,Arsenal,22,67,2.2,0.9884159186354856,1
494,Neco Williams,DEF,Nott'm Forest,22,39,1.8,5.077975716613631,5
495,Thiago Emiliano da Silva,DEF,Chelsea,22,55,5.7,6.744579196396528,6
496,Abdoulaye Doucouré,MID,Everton,22,53,0.5,3.0021118894588934,3
497,Illan Meslier,GK,Leeds,22,45,6.1,1.9816808603915574,2
498,Illan Meslier,GK,Leeds,22,45,6.1,1.8530655667682323,2
499,Wout Weghorst,FWD,Man Utd,22,60,2.4,0.9884159186354856,1
500,Wout Weghorst,FWD,Man Utd,22,60,2.4,0.7959960368862237,1
501,Moisés Caicedo Corozo,MID,Brighton,22,50,1.7,-0.05694752752482455,0
502,David De Gea Quintana,GK,Man Utd,22,50,3.6,1.9816808603915574,2
503,David De Gea Quintana,GK,Man Utd,22,50,3.6,1.8530655667682323,1
504,Lukasz Fabianski,GK,West Ham,22,50,3.7,1.9816808603915574,2
505,Reece James,DEF,Chelsea,22,57,0.7,0.9884159186354856,1
506,Luke Shaw,DEF,Man Utd,22,53,4.0,5.284818833320211,5
507,Luke Shaw,DEF,Man Utd,22,53,4.0,0.8499750658742785,1
508,Timothy Castagne,DEF,Leicester,22,45,0.7,0.0033647565446305195,0
509,Albert Sambi Lokonga,MID,Crystal Palace,22,43,0.3,0.9884159186354856,1
510,Rico Lewis,DEF,Man City,22,39,1.5,1.9911596600751045,2
511,Kenny Tete,DEF,Fulham,22,44,2.5,7.5096854341842825,6
512,Callum Wilson,FWD,Newcastle,22,71,4.7,8.009687847084667,7
513,Ilkay Gündogan,MID,Man City,22,73,2.7,0.9884159186354856,1
514,Patrick Bamford,FWD,Leeds,22,72,7.5,1.9816808603915574,2
515,Patrick Bamford,FWD,Leeds,22,72,7.5,4.330277928095097,5
516,Ben Davies,DEF,Spurs,22,48,3.3,6.163650577189463,6
517,Conor Coady,DEF,Everton,22,49,2.2,6.410498307128214,6
518,Tyrone Mings,DEF,Aston Villa,22,43,2.7,0.6646648745908437,0
519,José Malheiro de Sá,GK,Wolves,22,50,5.0,6.253769025809635,6
520,Antonee Robinson,DEF,Fulham,22,44,1.7,6.312435727331936,6
521,Aaron Wan-Bissaka,DEF,Man Utd,22,43,2.8,1.9911596600751045,2
522,Matheus Luiz Nunes,MID,Wolves,22,48,1.7,3.0021118894588934,3
523,Jordan Pickford,GK,Everton,22,44,2.2,5.21258731696758,5
524,Pascal Groß,MID,Brighton,22,55,2.7,3.0021118894588934,3
525,Serge Aurier,DEF,Nott'm Forest,22,46,3.2,0.9884159186354856,1
526,Manuel Akanji,DEF,Man City,22,50,3.0,1.9911596600751045,2
527,Rúben da Silva Neves,MID,Wolves,22,54,4.3,11.88444572819681,11
528,Emiliano Martínez Romero,GK,Aston Villa,22,49,3.7,1.8530655667682323,0
529,David Datro Fofana,FWD,Chelsea,22,50,0.7,0.9884159186354856,1
530,Christian Nørgaard,MID,Brentford,22,53,3.0,3.0021118894588934,3
531,Pablo Sarabia,MID,Wolves,22,55,0.0,0.9884159186354856,1
532,Tariq Lamptey,DEF,Brighton,22,42,2.7,6.180839540328383,6
533,Scott McKenna,DEF,Nott'm Forest,22,44,3.8,6.515588513735288,6
534,Jeffrey Schlupp,MID,Crystal Palace,22,47,3.8,6.628340840788314,6
535,Mykhailo Mudryk,MID,Chelsea,22,70,1.5,0.9884159186354856,1
536,Hamed Traorè,MID,Bournemouth,22,45,1.4,3.0021118894588934,3
537,Douglas Luiz Soares de Paulo,MID,Aston Villa,22,48,3.0,1.8663268399777815,2
538,Jordan Ayew,MID,Crystal Palace,22,53,2.0,1.8663268399777815,2
539,Andrew Robertson,DEF,Liverpool,22,68,3.7,0.8499750658742785,1
540,Pablo Fornals Malla,MID,West Ham,22,49,1.0,0.9884159186354856,1
541,Nélson Cabral Semedo,DEF,Wolves,22,50,3.7,6.819807507055636,6
542,Harry Kane,FWD,Spurs,22,117,4.7,7.389500821863919,8
543,Julio Enciso,FWD,Brighton,22,47,0.3,0.9884159186354856,1
544,Dango Ouattara,MID,Bournemouth,22,50,3.5,1.9816808603915574,2
545,Diogo Dalot Teixeira,DEF,Man Utd,22,47,1.8,5.4055714518121825,6
546,Alejandro Garnacho,MID,Man Utd,22,42,3.2,0.9884159186354856,1
547,Alejandro Garnacho,MID,Man Utd,22,42,3.2,0.7959960368862237,1
548,Cody Gakpo,MID,Liverpool,22,78,3.3,1.8663268399777815,2
549,Marc Guéhi,DEF,Crystal Palace,22,44,2.2,0.8499750658742785,1
550,Mikkel Damsgaard,MID,Brentford,22,51,0.7,0.9884159186354856,1
551,Facundo Buonanotte,MID,Brighton,22,45,0.3,0.9884159186354856,1
552,Philippe Coutinho Correia,MID,Aston Villa,22,66,1.0,0.9884159186354856,1
553,Dan Burn,DEF,Newcastle,22,46,5.7,1.9911596600751045,2
554,Yves Bissouma,MID,Spurs,22,47,0.5,0.9884159186354856,1
555,Conor Gallagher,MID,Chelsea,22,57,2.5,1.9954715189873418,2
556,Joël Veltman,DEF,Brighton,22,46,2.3,5.0626726863106,5
557,Boubacar Kamara,MID,Aston Villa,22,48,3.0,1.8663268399777815,2
558,Naouirou Ahamada,MID,Crystal Palace,22,45,1.4,0.9884159186354856,1
559,James Ward-Prowse,MID,Southampton,22,62,6.3,1.8663268399777815,2
560,Crysencio Summerville,MID,Leeds,22,42,3.5,0.9884159186354856,1
561,Crysencio Summerville,MID,Leeds,22,42,3.5,5.05777706687042,5
562,Harry Maguire,DEF,Man Utd,22,47,0.8,0.9884159186354856,1
563,César Azpilicueta,DEF,Chelsea,22,48,1.5,0.9884159186354856,1
564,Jadon Sancho,MID,Man Utd,22,71,2.4,7.636427401468893,6
565,Tyrell Malacia,DEF,Man Utd,22,42,1.2,0.9884159186354856,1
566,Joseph Gomez,DEF,Liverpool,22,43,3.7,0.0033647565446305195,0
567,Mathias Jensen,MID,Brentford,22,48,7.0,9.378418622679133,8
568,Ivan Perišić,DEF,Spurs,22,55,2.7,5.437833111157072,5
569,Eddie Nketiah,FWD,Arsenal,22,67,6.2,1.9816808603915574,2
570,Remo Freuler,MID,Nott'm Forest,22,49,2.2,3.0021118894588934,3
571,Dejan Kulusevski,MID,Spurs,22,79,3.7,3.0021118894588934,3
572,Leon Bailey,MID,Aston Villa,22,45,5.7,1.8663268399777815,2
573,James Maddison,MID,Leicester,22,80,2.7,7.832947140222611,7
574,Davinson Sánchez,DEF,Spurs,22,43,-0.3,0.9884159186354856,1
575,Raheem Sterling,MID,Chelsea,22,97,0.7,0.9884159186354856,1
576,Jordan Henderson,MID,Liverpool,22,53,2.0,0.9884159186354856,1
577,Jaidon Anthony,MID,Bournemouth,22,52,5.0,3.0021118894588934,3
578,Pascal Struijk,DEF,Leeds,22,45,4.9,0.9582903686318843,1
579,Pascal Struijk,DEF,Leeds,22,45,4.9,0.9884159186354856,1
580,Matheus Santos Carneiro Da Cunha,FWD,Wolves,22,55,0.3,0.9884159186354856,1
581,Darwin Núñez Ribeiro,FWD,Liverpool,22,88,2.0,1.8663268399777815,2
582,André Ayew,MID,Nott'm Forest,22,50,1.4,0.9884159186354856,1
583,Seamus Coleman,DEF,Everton,22,44,2.8,6.568030317355068,8
584,Samuel Edozie,MID,Southampton,22,47,2.3,1.8663268399777815,2
585,Theo Walcott,MID,Southampton,22,48,0.3,0.9884159186354856,1
586,Marc Roca Junqué,MID,Leeds,22,48,3.5,0.9884159186354856,1
587,Vladimir Coufal,DEF,West Ham,22,41,3.3,1.9911596600751045,2
588,Riyad Mahrez,MID,Man City,22,77,7.0,0.9884159186354856,1
589,Carlos Henrique Casimiro,MID,Man Utd,22,49,2.4,1.9816808603915574,-1
590,Carlos Vinícius Alves Morais,FWD,Fulham,22,54,2.5,0.9884159186354856,1
591,Danny Ings,FWD,West Ham,22,64,0.5,0.9884159186354856,1
592,Renan Augusto Lodi dos Santos,DEF,Nott'm Forest,22,43,4.5,6.217312030323216,6
593,Victor Lindelöf,DEF,Man Utd,22,41,0.8,0.9884159186354856,1
594,Victor Lindelöf,DEF,Man Utd,22,41,0.8,0.9884159186354856,1
595,Miguel Almirón Rejala,MID,Newcastle,22,58,2.7,1.9816808603915574,2
596,Odsonne Edouard,FWD,Crystal Palace,22,51,1.8,1.8663268399777815,2
597,Jack Colback,MID,Nott'm Forest,22,42,0.2,0.9884159186354856,1
598,Elliot Anderson,MID,Newcastle,22,44,0.3,0.9884159186354856,1
599,Deniz Undav,FWD,Brighton,22,51,0.7,1.996585269009331,2
600,Tom Cairney,MID,Fulham,22,47,0.5,0.9884159186354856,1
601,Wilfried Gnonto,FWD,Leeds,22,50,8.1,1.9816808603915574,2
602,Wilfried Gnonto,FWD,Leeds,22,50,8.1,7.833949967163803,9
603,Jonathan Castro Otto,DEF,Wolves,22,43,-0.7,0.9884159186354856,1
604,Marcos Senesi,DEF,Bournemouth,22,45,1.0,1.9911596600751045,2
605,Youri Tielemans,MID,Leicester,22,62,2.3,0.9475499944585344,1
606,Romain Perraud,DEF,Southampton,22,42,1.0,0.8499750658742785,1
607,Jhon Durán,FWD,Aston Villa,22,55,1.8,0.9884159186354856,1
608,Harrison Reed,MID,Fulham,22,44,1.7,3.0021118894588934,3
609,Eberechi Eze,MID,Crystal Palace,22,55,1.5,0.9884159186354856,1
610,Bobby De Cordova-Reid,MID,Fulham,22,55,1.5,1.9954715189873418,2
611,Gabriel dos Santos Magalhães,DEF,Arsenal,22,52,3.2,1.9911596600751045,2
612,Emerson Palmieri dos Santos,DEF,West Ham,22,40,2.7,1.9911596600751045,2
613,Martin Ødegaard,MID,Arsenal,22,69,5.8,1.9816808603915574,2
614,João Filipe Iria Santos Moutinho,MID,Wolves,22,47,0.7,0.9884159186354856,1
615,Ethan Pinnock,DEF,Brentford,22,44,6.0,6.391608997598331,6
616,Facundo Pellistri Rebollo,MID,Man Utd,22,43,0.4,0.9884159186354856,1
617,Vicente Guaita,GK,Crystal Palace,22,44,4.5,1.8530655667682323,2
618,Çaglar Söyüncü,DEF,Leicester,22,42,0.0,-0.017145547326804775,0
619,Hugo Lloris,GK,Spurs,22,55,4.3,9.070151553475855,10
620,Nick Pope,GK,Newcastle,22,55,4.3,1.9816808603915574,2
621,Ryan Sessegnon,DEF,Spurs,22,44,0.0,0.9884159186354856,1
622,Ashley Young,DEF,Aston Villa,22,44,2.7,0.7149876584612855,0
623,Jeremy Sarmiento Morante,MID,Brighton,22,45,1.7,4.0633948459124625,4
624,Philip Billing,MID,Bournemouth,22,51,0.8,3.0021118894588934,3
625,Fabian Schär,DEF,Newcastle,23,52,4.3,1.9911596600751045,2
626,Enzo Fernández,MID,Chelsea,23,50,4.5,5.924440287811171,6
627,Brennan Johnson,FWD,Nott'm Forest,23,57,5.3,1.8663268399777815,2
628,Cheick Doucouré,MID,Crystal Palace,23,50,2.8,0.9975773887433849,1
629,Alisson Ramses Becker,GK,Liverpool,23,54,6.2,6.102537073309645,6
630,Che Adams,FWD,Southampton,23,63,1.2,0.9884159186354856,1
631,Sam Greenwood,FWD,Leeds,23,41,1.0,0.9884159186354856,1
632,Kalvin Phillips,MID,Man City,23,48,2.3,0.9884159186354856,1
633,Rodrigo Hernandez,MID,Man City,23,56,9.9,11.965522217312262,10
634,Rodrigo Hernandez,MID,Man City,23,56,9.9,1.9816808603915574,2
635,Fraser Forster,GK,Spurs,23,39,0.0,1.8530655667682323,0
636,Jack Grealish,MID,Man City,23,68,9.1,5.362792145410672,5
637,Jack Grealish,MID,Man City,23,68,9.1,6.567638742886521,8
638,Chris Wood,FWD,Nott'm Forest,23,56,2.0,1.9816808603915574,2
639,Keylor Navas,GK,Nott'm Forest,23,45,5.0,1.8530655667682323,1
640,Aleksandar Mitrović,FWD,Fulham,23,70,2.0,1.996585269009331,2
641,Joe Willock,MID,Newcastle,23,47,2.7,0.9884159186354856,1
642,Roméo Lavia,MID,Southampton,23,45,1.5,1.8663268399777815,2
643,Ellis Simms,FWD,Everton,23,45,0.2,1.8663268399777815,2
644,Kristoffer Ajer,DEF,Brentford,23,45,2.2,1.9911596600751045,2
645,Emmanuel Dennis,FWD,Nott'm Forest,23,57,0.3,0.9884159186354856,1
646,Gustavo Henrique Furtado Scarpa,MID,Nott'm Forest,23,50,0.3,0.9884159186354856,1
647,Will Hughes,MID,Crystal Palace,23,48,0.8,-0.017145547326804775,0
648,Joe Ayodele-Aribo,MID,Southampton,23,51,-0.2,0.9884159186354856,1
649,Orel Mangala,MID,Nott'm Forest,23,49,1.0,0.9884159186354856,1
650,Jack Harrison,MID,Leeds,23,58,2.5,3.0021118894588934,3
651,Nathaniel Clyne,DEF,Crystal Palace,23,45,1.5,1.9911596600751045,2
652,Stuart Armstrong,MID,Southampton,23,47,-0.1,0.9884159186354856,1
653,Diogo Teixeira da Silva,FWD,Liverpool,23,88,0.6,0.9884159186354856,1
654,Mohammed Salisu,DEF,Southampton,23,44,0.5,1.7599926460098267,1
655,Frederico Rodrigues de Paula Santos,MID,Man Utd,23,51,1.6,1.9954715189873418,2
656,Lucas Tolentino Coelho de Lima,MID,West Ham,23,59,4.3,0.9884159186354856,1
657,Jean-Philippe Mateta,FWD,Crystal Palace,23,51,1.2,1.9816808603915574,2
658,Alexander Isak,FWD,Newcastle,23,66,2.0,1.9816808603915574,2
659,Arnaut Danjuma,MID,Spurs,23,65,0.5,0.9884159186354856,1
660,Erling Haaland,FWD,Man City,23,122,15.5,3.901585012428717,4
661,Erling Haaland,FWD,Man City,23,122,15.5,7.5963086936713395,6
662,Sasa Lukic,MID,Fulham,23,45,0.5,0.9884159186354856,1
663,Phil Foden,MID,Man City,23,80,1.7,0.9884159186354856,1
664,Phil Foden,MID,Man City,23,80,1.7,0.9884159186354856,1
665,Ainsley Maitland-Niles,MID,Southampton,23,48,-0.2,0.9475499944585344,1
666,James Milner,MID,Liverpool,23,44,1.8,0.9884159186354856,1
667,Kevin De Bruyne,MID,Man City,23,124,10.3,1.9816808603915574,2
668,Kevin De Bruyne,MID,Man City,23,124,10.3,11.882244426024608,13
669,Ben Mee,DEF,Brentford,23,49,6.5,1.9911596600751045,2
670,João Félix Sequeira,FWD,Chelsea,23,75,3.0,8.789778020764894,9
671,Bruno Borges Fernandes,MID,Man Utd,23,99,6.0,3.0021118894588934,3
672,Tyler Adams,MID,Leeds,23,49,2.0,1.8663268399777815,2
673,Jordan Zemura,DEF,Bournemouth,23,43,1.0,1.9911596600751045,2
674,Ivan Toney,FWD,Brentford,23,76,3.2,8.411521933824444,9
675,Nampalys Mendy,MID,Leicester,23,43,3.7,8.502706488198548,8
676,Fábio Ferreira Vieira,MID,Arsenal,23,56,1.6,0.9884159186354856,1
677,Fábio Ferreira Vieira,MID,Arsenal,23,56,1.6,0.9884159186354856,1
678,Ryan Fredericks,DEF,Bournemouth,23,44,-0.3,0.9884159186354856,1
679,Ricardo Barbosa Pereira,DEF,Leicester,23,43,0.3,0.9884159186354856,1
680,Morgan Gibbs-White,MID,Nott'm Forest,23,55,2.3,1.8663268399777815,2
681,Pervis Estupiñán,DEF,Brighton,23,46,7.3,6.512983440190355,7
682,Matty Cash,DEF,Aston Villa,23,46,0.0,0.9884159186354856,1
683,Bernardo Veiga de Carvalho e Silva,MID,Man City,23,68,4.3,1.9816808603915574,2
684,Bernardo Veiga de Carvalho e Silva,MID,Man City,23,68,4.3,0.9975773887433849,1
685,Vitalii Mykolenko,DEF,Everton,23,43,1.5,0.8499750658742785,1
686,Kyle Walker,DEF,Man City,23,48,3.5,1.9911596600751045,2
687,Kyle Walker,DEF,Man City,23,48,3.5,0.9582903686318843,1
688,Dominic Solanke,FWD,Bournemouth,23,55,-0.2,1.9816808603915574,2
689,Vitaly Janelt,MID,Brentford,23,55,0.8,1.9816808603915574,2
690,Robert Sánchez,GK,Brighton,23,46,3.7,1.9816808603915574,2
691,Luke Ayling,DEF,Leeds,23,45,3.0,0.8499750658742785,1
692,Hugo Bueno López,DEF,Wolves,23,39,1.2,0.9884159186354856,1
693,Pierre-Emile Højbjerg,MID,Spurs,23,55,3.2,1.8663268399777815,2
694,Declan Rice,MID,West Ham,23,47,4.0,1.9816808603915574,2
695,Kamaldeen Sulemana,MID,Southampton,23,50,1.0,1.8663268399777815,2
696,Anthony Gordon,MID,Newcastle,23,52,1.3,-0.017145547326804775,0
697,David Raya Martin,GK,Brentford,23,47,7.2,3.9962686200486117,6
698,João Victor Gomes da Silva,MID,Wolves,23,45,4.5,6.20909546875096,8
699,Solly March,MID,Brighton,23,52,5.0,9.790454534896302,10
700,Maximilian Wöber,DEF,Leeds,23,45,2.5,0.8499750658742785,1
701,Brenden Aaronson,MID,Leeds,23,54,1.2,0.7959960368862237,1
702,Danny Ward,GK,Leicester,23,40,2.0,2.5379476167896526,3
703,Jack Stephens,DEF,Bournemouth,23,43,0.0,0.9582903686318843,1
704,Wilfred Ndidi,MID,Leicester,23,48,0.3,0.9884159186354856,1
705,Ederson Santana de Moraes,GK,Man City,23,54,5.9,1.9816808603915574,2
706,Ederson Santana de Moraes,GK,Man City,23,54,5.9,1.0055773887433848,1
707,Angelo Ogbonna,DEF,West Ham,23,44,3.7,1.9911596600751045,2
708,Jarrod Bowen,MID,West Ham,23,80,7.7,5.781967447466981,5
709,Noni Madueke,MID,Chelsea,23,55,1.5,1.9816808603915574,2
710,Jan Bednarek,DEF,Southampton,23,42,-0.5,0.076847990591888,-1
711,Bryan Mbeumo,FWD,Brentford,23,58,4.8,1.9816808603915574,2
712,Naby Keita,MID,Liverpool,23,47,2.5,0.9884159186354856,1
713,Amadou Onana,MID,Everton,23,48,1.5,1.8663268399777815,2
714,Marcus Rashford,MID,Man Utd,23,72,7.4,8.411517274163735,8
715,Alexandre Moreno Lopera,DEF,Aston Villa,23,45,1.3,0.9884159186354856,1
716,Julián Álvarez,FWD,Man City,23,60,5.9,0.9884159186354856,1
717,Takehiro Tomiyasu,DEF,Arsenal,23,42,2.4,0.0033647565446305195,0
718,Lucas Digne,DEF,Aston Villa,23,46,-1.3,-0.434661320442578,-1
719,Nathan Aké,DEF,Man City,23,51,4.3,0.9884159186354856,1
720,Nathan Aké,DEF,Man City,23,51,4.3,1.9911596600751045,2
721,Bukayo Saka,MID,Arsenal,23,83,13.0,5.714709392828119,6
722,Bukayo Saka,MID,Arsenal,23,83,13.0,7.448635681641923,9
723,Weston McKennie,MID,Leeds,23,50,1.0,0.9475499944585344,1
724,Trent Alexander-Arnold,DEF,Liverpool,23,73,3.2,7.61013979639653,6
725,Kiernan Dewsbury-Hall,MID,Leicester,23,49,1.7,0.9975773887433849,1
726,Mohamed Salah,MID,Liverpool,23,127,5.8,9.726836953712224,11
727,Thomas Partey,MID,Arsenal,23,47,3.0,2.5942176449622125,3
728,Carlos Alcaraz,MID,Southampton,23,50,3.2,8.476841660718573,10
729,Gavin Bazunu,GK,Southampton,23,45,1.2,1.8530655667682323,1
730,Lyanco Silveira Neves Vojnovic,DEF,Southampton,23,44,0.2,0.9884159186354856,1
731,Ben Chilwell,DEF,Chelsea,23,58,0.7,0.9884159186354856,1
732,Lewis Dunk,DEF,Brighton,23,47,3.0,1.9911596600751045,2
733,Dennis Praet,MID,Leicester,23,48,2.7,0.9884159186354856,1
734,Wout Faes,DEF,Leicester,23,42,1.0,0.9582903686318843,1
735,Mario Lemina,MID,Wolves,23,45,0.9,-2.16,-2
736,William Saliba,DEF,Arsenal,23,53,3.0,1.9911596600751045,2
737,William Saliba,DEF,Arsenal,23,53,3.0,0.8499750658742785,1
738,Craig Dawson,DEF,Wolves,23,48,5.5,1.9911596600751045,3
739,Willian Borges da Silva,MID,Fulham,23,55,4.7,9.473104859785256,9
740,Emiliano Buendía Stati,MID,Aston Villa,23,57,2.0,0.7959960368862237,1
741,Son Heung-min,MID,Spurs,23,116,3.0,1.8663268399777815,2
742,Aaron Ramsdale,GK,Arsenal,23,49,3.6,1.9816808603915574,2
743,Aaron Ramsdale,GK,Arsenal,23,49,3.6,1.8530655667682323,1
744,Tyrick Mitchell,DEF,Crystal Palace,23,44,2.5,0.9582903686318843,1
745,Max Kilman,DEF,Wolves,23,43,4.8,1.9911596600751045,2
746,Dwight McNeil,MID,Everton,23,51,2.8,1.8663268399777815,2
747,Harry Souttar,DEF,Leicester,23,45,1.5,5.724165242469176,4
748,Jefferson Lerma Solís,MID,Bournemouth,23,48,1.0,1.9816808603915574,2
749,Ezri Konsa Ngoyo,DEF,Aston Villa,23,44,1.3,0.0033647565446305195,0
750,Benoît Badiashile,DEF,Chelsea,23,50,4.3,0.9582903686318843,1
751,Chris Mepham,DEF,Bournemouth,23,44,0.0,0.9884159186354856,1
752,Josh Dasilva,MID,Brentford,23,41,1.2,0.9884159186354856,1
753,Roberto Firmino,FWD,Liverpool,23,80,0.4,0.9884159186354856,1
754,João Palhinha Gonçalves,MID,Fulham,23,50,2.0,3.0021118894588934,3
755,Kieran Trippier,DEF,Newcastle,23,61,5.0,1.9911596600751045,2
756,Bernd Leno,GK,Fulham,23,45,4.7,6.519741112696968,6
757,Aymeric Laporte,DEF,Man City,23,57,5.5,1.9911596600751045,2
758,Joelinton Cássio Apolinário de Lira,MID,Newcastle,23,59,2.3,0.9975773887433849,1
759,Alex Iwobi,MID,Everton,23,54,1.8,1.8663268399777815,2
760,Joel Matip,DEF,Liverpool,23,59,2.5,6.361663235435702,7
761,Sven Botman,DEF,Newcastle,23,45,4.0,0.9582903686318843,1
762,Saïd Benrahma,MID,West Ham,23,56,2.3,1.9816808603915574,2
763,Fabio Henrique Tavares,MID,Liverpool,23,53,1.4,3.0021118894588934,3
764,Victor Kristiansen,DEF,Leicester,23,45,1.5,1.9911596600751045,2
765,Hakim Ziyech,MID,Chelsea,23,55,1.7,0.9884159186354856,1
766,Willy Boly,DEF,Nott'm Forest,23,42,3.0,0.9884159186354856,1
767,Tomas Soucek,MID,West Ham,23,51,1.3,1.9816808603915574,2
768,Mads Roerslev Rasmussen,DEF,Brentford,23,43,2.5,1.9911596600751045,2
769,Paul Onuachu,FWD,Southampton,23,55,1.0,1.9816808603915574,2
770,Sean Longstaff,MID,Newcastle,23,43,5.7,5.354647108152722,5
771,Tom Davies,MID,Everton,23,49,0.2,0.9884159186354856,1
772,Granit Xhaka,MID,Arsenal,23,49,5.6,1.9816808603915574,2
773,Granit Xhaka,MID,Arsenal,23,49,5.6,1.8663268399777815,2
774,Lisandro Martínez,DEF,Man Utd,23,45,2.6,0.9884159186354856,1
775,Pape Matar Sarr,MID,Spurs,23,42,0.2,0.9884159186354856,1
776,Junior Firpo Adames,DEF,Leeds,23,45,0.2,0.0033647565446305195,0
777,Harvey Barnes,MID,Leicester,23,67,7.0,6.778665356585719,6
778,Idrissa Gueye,MID,Everton,23,49,1.8,1.8663268399777815,2
779,Michail Antonio,FWD,West Ham,23,70,3.0,1.9816808603915574,2
780,Rodrigo Bentancur,MID,Spurs,23,54,3.0,6.578188376399685,6
781,Mason Mount,MID,Chelsea,23,73,2.3,0.9884159186354856,1
782,Nayef Aguerd,DEF,West Ham,23,48,3.0,1.9911596600751045,2
783,Manor Solomon,MID,Fulham,23,49,2.7,6.2801586558336,6
784,Mateus Cardoso Lemos Martins,MID,Leicester,23,55,5.0,1.9816808603915574,2
785,Kai Havertz,FWD,Chelsea,23,77,2.0,1.9816808603915574,2
786,Joe Worrall,DEF,Nott'm Forest,23,42,0.7,0.8499750658742785,1
787,Jorge Luiz Frello Filho,MID,Arsenal,23,58,3.0,1.8663268399777815,2
788,Georginio Rutter,FWD,Leeds,23,55,0.8,0.7959960368862237,1
789,Andreas Hoelgebaum Pereira,MID,Fulham,23,44,3.3,6.035360841001741,6
790,Rúben Gato Alves Dias,DEF,Man City,23,59,2.7,-0.017145547326804775,0
791,Rúben Gato Alves Dias,DEF,Man City,23,59,2.7,1.9911596600751045,2
792,Oleksandr Zinchenko,DEF,Arsenal,23,51,2.4,1.9911596600751045,2
793,Oleksandr Zinchenko,DEF,Arsenal,23,51,2.4,0.8499750658742785,1
794,Emerson Leite de Souza Junior,DEF,Spurs,23,49,5.8,0.9884159186354856,1
795,Michael Olise,MID,Crystal Palace,23,54,3.2,1.9816808603915574,2
796,Marc Cucurella Saseta,DEF,Chelsea,23,51,4.7,1.9911596600751045,2
797,Ollie Watkins,FWD,Aston Villa,23,71,7.7,7.800838220709238,7
798,Adam Smith,DEF,Bournemouth,23,43,0.3,0.9582903686318843,1
799,Leandro Trossard,MID,Arsenal,23,67,4.4,7.154612943124997,6
800,Leandro Trossard,MID,Arsenal,23,67,4.4,0.9884159186354856,1
801,Ben Johnson,DEF,West Ham,23,44,1.0,0.9884159186354856,1
802,Jacob Murphy,MID,Newcastle,23,42,2.0,0.9884159186354856,1
803,Jamie Vardy,FWD,Leicester,23,91,1.3,0.9884159186354856,1
804,Benjamin White,DEF,Arsenal,23,47,2.4,1.9911596600751045,2
805,Benjamin White,DEF,Arsenal,23,47,2.4,0.9884159186354856,1
806,James Tomkins,DEF,Crystal Palace,23,39,2.2,8.758900489249411,9
807,Antoine Semenyo,FWD,Bournemouth,23,50,0.5,0.9884159186354856,1
808,Jacob Ramsey,MID,Aston Villa,23,52,1.0,1.8663268399777815,2
809,Allan Saint-Maximin,MID,Newcastle,23,61,2.7,1.9816808603915574,2
810,Kaoru Mitoma,MID,Brighton,23,53,7.7,1.9816808603915574,2
811,Flynn Downes,MID,West Ham,23,42,1.0,0.9884159186354856,1
812,Norberto Murara Neto,GK,Bournemouth,23,45,2.3,3.8842686200486116,4
813,Issa Diop,DEF,Fulham,23,43,5.3,6.312435727331936,6
814,Rico Henry,DEF,Brentford,23,45,5.8,1.9911596600751045,2
815,Harry Wilson,MID,Fulham,23,57,0.7,0.9884159186354856,1
816,Tim Ream,DEF,Fulham,23,45,6.3,7.126226351236605,9
817,Kevin Schade,MID,Brentford,23,50,-0.2,-0.017145547326804775,0
818,Thilo Kehrer,DEF,West Ham,23,44,0.5,1.9911596600751045,2
819,Harvey Elliott,MID,Liverpool,23,49,2.2,0.9884159186354856,1
820,Robin Koch,DEF,Leeds,23,45,1.8,0.8499750658742785,1
821,Kelechi Iheanacho,FWD,Leicester,23,61,9.0,12.099660166960428,12
822,Rayan Aït-Nouri,DEF,Wolves,23,42,2.8,-0.017145547326804775,0
823,James Bree,DEF,Southampton,23,45,1.0,1.9911596600751045,2
824,Kepa Arrizabalaga,GK,Chelsea,23,46,7.0,1.9816808603915574,2
825,Yoane Wissa,MID,Brentford,23,53,1.8,0.9884159186354856,1
826,Marcel Sabitzer,MID,Man Utd,23,50,1.7,3.0021118894588934,3
827,Adam Webster,DEF,Brighton,23,45,1.0,1.9911596600751045,2
828,James Tarkowski,DEF,Everton,23,42,4.8,0.8499750658742785,1
829,Stefan Bajcetic,MID,Liverpool,23,44,2.8,3.0021118894588934,3
830,Adama Traoré Diarra,MID,Wolves,23,54,3.5,3.999455692473309,4
831,Eric Dier,DEF,Spurs,23,51,2.8,-0.27449252437597355,-1
832,Ruben Loftus-Cheek,MID,Chelsea,23,50,1.0,1.9816808603915574,3
833,Neal Maupay,FWD,Everton,23,59,-0.2,0.9884159186354856,1
834,Gabriel Martinelli Silva,MID,Arsenal,23,66,4.0,3.0021118894588934,3
835,Gabriel Martinelli Silva,MID,Arsenal,23,66,4.0,1.8663268399777815,2
836,Japhet Tanganga,DEF,Spurs,23,39,0.2,0.8499750658742785,1
837,Evan Ferguson,FWD,Brighton,23,46,2.3,0.9884159186354856,1
838,John McGinn,MID,Aston Villa,23,51,-0.7,0.9884159186354856,1
839,Thiago Emiliano da Silva,DEF,Chelsea,23,55,4.7,1.995155628386165,2
840,Abdoulaye Doucouré,MID,Everton,23,53,0.8,0.9475499944585344,1
841,Illan Meslier,GK,Leeds,23,45,3.0,1.8530655667682323,2
842,Wout Weghorst,FWD,Man Utd,23,60,2.2,4.637142857142857,5
843,Moisés Caicedo Corozo,MID,Brighton,23,50,1.3,1.9816808603915574,2
844,David De Gea Quintana,GK,Man Utd,23,50,3.4,10.160212790162818,10
845,Lukasz Fabianski,GK,West Ham,23,50,3.7,2.5379476167896526,3
846,Reece James,DEF,Chelsea,23,57,1.0,1.9911596600751045,2
847,Luke Shaw,DEF,Man Utd,23,53,4.0,10.791369653719157,12
848,Timothy Castagne,DEF,Leicester,23,45,2.0,5.280561757063133,5
849,Cédric Alves Soares,DEF,Fulham,23,42,0.3,0.9884159186354856,1
850,Albert Sambi Lokonga,MID,Crystal Palace,23,43,0.3,-0.017145547326804775,0
851,Richarlison de Andrade,FWD,Spurs,23,84,0.8,0.9884159186354856,1
852,Kenny Tete,DEF,Fulham,23,44,4.7,7.174716044508824,6
853,Diego Da Silva Costa,FWD,Wolves,23,54,0.8,0.9884159186354856,1
854,Ilkay Gündogan,MID,Man City,23,73,9.9,8.621295979130348,7
855,Ilkay Gündogan,MID,Man City,23,73,9.9,5.482688184069869,5
856,Patrick Bamford,FWD,Leeds,23,72,2.2,0.9884159186354856,1
857,Ben Davies,DEF,Spurs,23,48,4.2,3.7684086700862536,3
858,Conor Coady,DEF,Everton,23,49,1.8,0.0033647565446305195,0
859,José Malheiro de Sá,GK,Wolves,23,50,3.8,1.9816808603915574,2
860,Demarai Gray,MID,Everton,23,53,0.5,0.9884159186354856,1
861,Antonee Robinson,DEF,Fulham,23,44,5.3,7.581813329971182,8
862,Aaron Wan-Bissaka,DEF,Man Utd,23,43,0.9,0.9884159186354856,1
863,Matheus Luiz Nunes,MID,Wolves,23,48,2.8,1.9816808603915574,2
864,Jordan Pickford,GK,Everton,23,44,1.8,1.0565004099329633,1
865,Pascal Groß,MID,Brighton,23,55,2.3,1.9816808603915574,2
866,Serge Aurier,DEF,Nott'm Forest,23,46,1.0,0.0033647565446305195,0
867,Manuel Akanji,DEF,Man City,23,50,5.9,0.9884159186354856,1
868,Manuel Akanji,DEF,Man City,23,50,5.9,0.9884159186354856,1
869,Rúben da Silva Neves,MID,Wolves,23,54,5.5,1.9816808603915574,2
870,Emiliano Martínez Romero,GK,Aston Villa,23,49,3.0,2.2910698624616237,2
871,Christian Nørgaard,MID,Brentford,23,53,2.8,4.763347791895424,4
872,Pablo Sarabia,MID,Wolves,23,55,1.8,1.9816808603915574,2
873,Tariq Lamptey,DEF,Brighton,23,42,2.7,0.9884159186354856,1
874,Scott McKenna,DEF,Nott'm Forest,23,44,2.7,0.9884159186354856,1
875,Jeffrey Schlupp,MID,Crystal Palace,23,47,3.8,1.9816808603915574,2
876,Mykhailo Mudryk,MID,Chelsea,23,70,1.3,1.9816808603915574,2
877,Hamed Traorè,MID,Bournemouth,23,45,1.5,1.9816808603915574,2
878,Douglas Luiz Soares de Paulo,MID,Aston Villa,23,48,3.0,5.019247431612061,5
879,Jordan Ayew,MID,Crystal Palace,23,53,2.0,1.9816808603915574,2
880,Felipe Augusto de Almeida Monteiro,DEF,Nott'm Forest,23,45,0.5,0.8499750658742785,1
881,Andrew Robertson,DEF,Liverpool,23,68,4.5,6.453643917067369,5
882,Nélson Cabral Semedo,DEF,Wolves,23,50,3.2,0.9582903686318843,1
883,Harry Kane,FWD,Spurs,23,118,5.2,1.8663268399777815,2
884,Dango Ouattara,MID,Bournemouth,23,50,3.7,5.605772488917875,7
885,Diogo Dalot Teixeira,DEF,Man Utd,23,47,2.4,6.17542602396491,6
886,Alejandro Garnacho,MID,Man Utd,23,42,2.0,6.17430172660812,6
887,Cody Gakpo,MID,Liverpool,23,77,4.8,9.061457989770872,8
888,Marc Guéhi,DEF,Crystal Palace,23,44,2.5,1.9911596600751045,2
889,Philippe Coutinho Correia,MID,Aston Villa,23,66,0.0,0.9884159186354856,1
890,Dan Burn,DEF,Newcastle,23,46,4.3,1.9911596600751045,2
891,Conor Gallagher,MID,Chelsea,23,57,2.0,0.9884159186354856,1
892,Joël Veltman,DEF,Brighton,23,46,2.7,2.0053193936988665,2
893,Boubacar Kamara,MID,Aston Villa,23,48,1.3,1.8663268399777815,2
894,Naouirou Ahamada,MID,Crystal Palace,23,45,1.0,0.9884159186354856,1
895,James Ward-Prowse,MID,Southampton,23,62,1.2,0.9475499944585344,1
896,Crysencio Summerville,MID,Leeds,23,42,2.0,1.8663268399777815,2
897,Harry Maguire,DEF,Man Utd,23,47,1.6,6.949313708336131,7
898,Jadon Sancho,MID,Man Utd,23,71,1.8,3.0021118894588934,3
899,Tyrell Malacia,DEF,Man Utd,23,42,1.4,6.217615802506449,6
900,Joseph Gomez,DEF,Liverpool,23,43,5.5,6.883605421812353,8
901,Mathias Jensen,MID,Brentford,23,48,3.8,1.9816808603915574,2
902,Ivan Perišić,DEF,Spurs,23,55,3.2,0.8499750658742785,1
903,Eddie Nketiah,FWD,Arsenal,23,68,10.4,1.9816808603915574,2
904,Eddie Nketiah,FWD,Arsenal,23,68,10.4,4.32327203491893,4
905,Remo Freuler,MID,Nott'm Forest,23,49,2.3,1.8663268399777815,2
906,Dejan Kulusevski,MID,Spurs,23,79,4.2,1.8663268399777815,2
907,Leon Bailey,MID,Aston Villa,23,45,1.0,0.7959960368862237,1
908,James Maddison,MID,Leicester,23,80,6.3,11.37028109666225,11
909,Davinson Sánchez,DEF,Spurs,23,43,0.5,0.9884159186354856,1
910,Jordan Henderson,MID,Liverpool,23,53,2.2,3.0021118894588934,3
911,Jaidon Anthony,MID,Bournemouth,23,52,4.0,1.9816808603915574,2
912,Matheus Santos Carneiro Da Cunha,FWD,Wolves,23,55,1.5,0.9884159186354856,1
913,Darwin Núñez Ribeiro,FWD,Liverpool,23,87,3.2,4.997142857142857,5
914,André Ayew,MID,Nott'm Forest,23,50,1.0,0.9884159186354856,1
915,Calum Chambers,DEF,Aston Villa,23,42,-0.7,0.8499750658742785,1
916,Seamus Coleman,DEF,Everton,23,44,2.5,0.8499750658742785,1
917,Samuel Edozie,MID,Southampton,23,47,1.5,0.9884159186354856,1
918,Vladimir Coufal,DEF,West Ham,23,41,3.0,0.9582903686318843,1
919,Riyad Mahrez,MID,Man City,23,78,16.7,11.752833102057068,12
920,Riyad Mahrez,MID,Man City,23,78,16.7,1.9816808603915574,2
921,Carlos Vinícius Alves Morais,FWD,Fulham,23,54,1.0,0.9884159186354856,1
922,Pedro Porro,DEF,Spurs,23,50,0.5,0.8499750658742785,1
923,Danny Ings,FWD,West Ham,23,64,1.0,0.9884159186354856,1
924,Renan Augusto Lodi dos Santos,DEF,Nott'm Forest,23,43,3.3,0.8499750658742785,1
925,Marcus Tavernier,MID,Bournemouth,23,47,-0.3,0.9884159186354856,1
926,Jonjo Shelvey,MID,Nott'm Forest,23,48,0.2,0.9884159186354856,1
927,Miguel Almirón Rejala,MID,Newcastle,23,57,6.0,8.346915221121018,10
928,Odsonne Edouard,FWD,Crystal Palace,23,51,1.8,0.9884159186354856,1
929,Elliot Anderson,MID,Newcastle,23,44,1.7,0.9884159186354856,1
930,Deniz Undav,FWD,Brighton,23,51,1.0,0.9884159186354856,1
931,Wilfried Gnonto,FWD,Leeds,23,50,3.8,1.8663268399777815,2
932,Jonathan Castro Otto,DEF,Wolves,23,43,1.2,0.9884159186354856,1
933,Marcos Senesi,DEF,Bournemouth,23,44,2.3,6.93342095000776,8
934,Romain Perraud,DEF,Southampton,23,42,0.8,1.9911596600751045,2
935,Jhon Durán,FWD,Aston Villa,23,55,0.0,0.9884159186354856,1
936,Harrison Reed,MID,Fulham,23,44,2.7,3.0021118894588934,3
937,Alexis Mac Allister,MID,Brighton,23,54,0.7,0.9975773887433849,1
938,Eberechi Eze,MID,Crystal Palace,23,55,1.5,0.9884159186354856,1
939,Anthony Elanga,MID,Man Utd,23,47,0.2,0.9884159186354856,1
940,Bobby De Cordova-Reid,MID,Fulham,23,55,2.3,3.0021118894588934,3
941,Gabriel dos Santos Magalhães,DEF,Arsenal,23,52,3.0,1.9911596600751045,2
942,Gabriel dos Santos Magalhães,DEF,Arsenal,23,52,3.0,0.8499750658742785,1
943,Emerson Palmieri dos Santos,DEF,West Ham,23,40,6.0,8.82720883596555,10
944,Martin Ødegaard,MID,Arsenal,23,70,5.6,1.9816808603915574,2
945,Martin Ødegaard,MID,Arsenal,23,70,5.6,1.8663268399777815,2
946,João Filipe Iria Santos Moutinho,MID,Wolves,23,47,1.5,0.9884159186354856,1
947,Ethan Pinnock,DEF,Brentford,23,44,4.2,1.9911596600751045,2
948,Vicente Guaita,GK,Crystal Palace,23,44,4.8,3.9962686200486117,4
949,Nick Pope,GK,Newcastle,23,55,4.7,2.5379476167896526,3
950,Ashley Young,DEF,Aston Villa,23,44,1.3,0.8499750658742785,1
951,Philip Billing,MID,Bournemouth,23,51,0.3,1.9816808603915574,2
952,Fabian Schär,DEF,Newcastle,24,52,1.7,0.8499750658742785,1
953,Enzo Fernández,MID,Chelsea,24,50,4.2,1.9816808603915574,2
954,Brennan Johnson,FWD,Nott'm Forest,24,57,3.3,1.9816808603915574,2
955,Cheick Doucouré,MID,Crystal Palace,24,50,3.0,1.9816808603915574,2
956,Wesley Fofana,DEF,Chelsea,24,43,0.8,0.9884159186354856,1
957,Alisson Ramses Becker,GK,Liverpool,24,54,5.0,8.178716283999512,7
958,Sam Greenwood,FWD,Leeds,24,41,1.0,0.9884159186354856,1
959,Rodrigo Hernandez,MID,Man City,24,56,5.0,1.9816808603915574,2
960,Fraser Forster,GK,Spurs,24,39,2.0,6.867988037015612,6
961,Jack Grealish,MID,Man City,24,68,5.8,5.900644004713131,5
962,Chris Wood,FWD,Nott'm Forest,24,56,3.0,6.06894344511291,8
963,Leander Dendoncker,MID,Aston Villa,24,47,0.2,0.7959960368862237,1
964,Keylor Navas,GK,Nott'm Forest,24,45,3.7,2.6653512876593517,4
965,Roméo Lavia,MID,Southampton,24,45,1.2,1.9954715189873418,2
966,Ellis Simms,FWD,Everton,24,45,1.0,0.9884159186354856,1
967,Orel Mangala,MID,Nott'm Forest,24,49,0.0,0.9884159186354856,1
968,Cristian Romero,DEF,Spurs,24,49,3.0,6.987791928321127,6
969,Jack Harrison,MID,Leeds,24,58,2.2,1.9816808603915574,2
970,Nathaniel Clyne,DEF,Crystal Palace,24,45,1.7,1.9911596600751045,2
971,Stuart Armstrong,MID,Southampton,24,47,0.8,3.782372956368834,3
972,Matt Ritchie,DEF,Newcastle,24,42,0.3,0.9884159186354856,1
973,Trevoh Chalobah,DEF,Chelsea,24,45,0.8,0.9884159186354856,1
974,Chris Richards,DEF,Crystal Palace,24,44,0.5,0.9884159186354856,1
975,Diogo Teixeira da Silva,FWD,Liverpool,24,88,0.7,0.9884159186354856,1
976,Martin Dubravka,GK,Newcastle,24,41,2.7,7.985595023240262,8
977,Frederico Rodrigues de Paula Santos,MID,Man Utd,24,51,2.5,5.815502554296298,4
978,Jean-Philippe Mateta,FWD,Crystal Palace,24,51,1.7,1.996585269009331,2
979,Alexander Isak,FWD,Newcastle,24,66,1.3,1.8663268399777815,2
980,Erling Haaland,FWD,Man City,24,122,4.5,1.9816808603915574,2
981,Phil Foden,MID,Man City,24,80,2.0,1.9816808603915574,2
982,Danilo dos Santos de Oliveira,MID,Nott'm Forest,24,45,-0.7,0.9884159186354856,1
983,Sékou Mara,FWD,Southampton,24,53,-0.5,-0.017145547326804775,0
984,Scott McTominay,MID,Man Utd,24,49,0.1,0.9884159186354856,1
985,Armel Bella-Kotchap,DEF,Southampton,24,45,1.2,5.120041107363232,5
986,Ainsley Maitland-Niles,MID,Southampton,24,48,0.8,3.2620469543939574,3
987,James Milner,MID,Liverpool,24,44,1.0,0.9884159186354856,1
988,Keane Lewis-Potter,MID,Brentford,24,52,0.3,0.9884159186354856,1
989,Kevin De Bruyne,MID,Man City,24,124,5.5,1.9816808603915574,2
990,Lucas Rodrigues Moura da Silva,MID,Spurs,24,58,0.3,0.9884159186354856,1
991,Ben Mee,DEF,Brentford,24,50,5.3,0.9582903686318843,1
992,Matías Viña,DEF,Bournemouth,24,45,0.2,0.9884159186354856,1
993,João Félix Sequeira,FWD,Chelsea,24,76,4.2,1.9816808603915574,2
994,Bruno Borges Fernandes,MID,Man Utd,24,99,6.8,12.19845238095238,12
995,Tyler Adams,MID,Leeds,24,49,1.5,0.9975773887433849,1
996,Jordan Zemura,DEF,Bournemouth,24,43,2.8,6.17542602396491,6
997,Rob Holding,DEF,Arsenal,24,42,0.7,0.9884159186354856,1
998,Ivan Toney,FWD,Brentford,24,77,4.0,1.9816808603915574,2
999,Nampalys Mendy,MID,Leicester,24,43,3.0,-0.032145547326804774,0
1000,Fábio Ferreira Vieira,MID,Arsenal,24,56,2.3,3.999455692473309,4
1001,Morgan Gibbs-White,MID,Nott'm Forest,24,55,2.3,5.409075280844063,5
1002,Pervis Estupiñán,DEF,Brighton,24,47,7.0,6.319610844842962,8
1003,Matty Cash,DEF,Aston Villa,24,46,1.2,3.6924286838888762,3
1004,Bernardo Veiga de Carvalho e Silva,MID,Man City,24,68,4.8,8.61909790778849,10
1005,Vitalii Mykolenko,DEF,Everton,24,43,4.0,7.770290677576846,6
1006,Kyle Walker,DEF,Man City,24,48,2.5,1.9911596600751045,2
1007,Dominic Solanke,FWD,Bournemouth,24,55,1.8,4.997142857142857,5
1008,Vitaly Janelt,MID,Brentford,24,55,3.3,6.252986924688629,7
1009,Robert Sánchez,GK,Brighton,24,46,4.0,1.9816808603915574,2
1010,Luke Ayling,DEF,Leeds,24,45,1.5,1.9911596600751045,2
1011,Hugo Bueno López,DEF,Wolves,24,39,1.5,1.9911596600751045,2
1012,Pierre-Emile Højbjerg,MID,Spurs,24,55,4.0,3.0021118894588934,3
1013,Declan Rice,MID,West Ham,24,47,3.7,1.8663268399777815,2
1014,Kamaldeen Sulemana,MID,Southampton,24,50,0.8,0.9884159186354856,1
1015,Anthony Gordon,MID,Newcastle,24,51,0.7,0.9884159186354856,1
1016,David Raya Martin,GK,Brentford,24,47,5.3,2.5379476167896526,3
1017,Aaron Hickey,DEF,Brentford,24,49,2.7,1.9911596600751045,2
1018,João Victor Gomes da Silva,MID,Wolves,24,45,3.2,-0.017145547326804775,0
1019,Solly March,MID,Brighton,24,51,5.0,1.9816808603915574,2
1020,Maximilian Wöber,DEF,Leeds,24,45,1.0,0.9884159186354856,1
1021,Brenden Aaronson,MID,Leeds,24,54,0.8,0.9884159186354856,1
1022,Danny Ward,GK,Leicester,24,40,2.3,2.2910698624616237,2
1023,Joachim Andersen,DEF,Crystal Palace,24,45,0.2,1.1898843803828982,1
1024,Jack Stephens,DEF,Bournemouth,24,43,2.2,7.250220017878697,7
1025,Ederson Santana de Moraes,GK,Man City,24,54,2.5,1.9816808603915574,2
1026,Angelo Ogbonna,DEF,West Ham,24,44,1.7,0.8499750658742785,1
1027,Jarrod Bowen,MID,West Ham,24,80,3.0,1.8663268399777815,2
1028,Noni Madueke,MID,Chelsea,24,55,2.2,1.9816808603915574,2
1029,Jan Bednarek,DEF,Southampton,24,42,1.8,6.7565385902621635,7
1030,Bryan Mbeumo,FWD,Brentford,24,58,6.3,5.430518504287286,5
1031,Amadou Onana,MID,Everton,24,48,2.3,3.0021118894588934,3
1032,Marcus Rashford,MID,Man Utd,24,73,10.8,14.792613808584143,15
1033,Alexandre Moreno Lopera,DEF,Aston Villa,24,44,1.5,4.588791427470441,4
1034,Julián Álvarez,FWD,Man City,24,60,2.0,0.9884159186354856,1
1035,Takehiro Tomiyasu,DEF,Arsenal,24,42,1.0,0.9884159186354856,1
1036,Lucas Digne,DEF,Aston Villa,24,46,-0.8,0.7149876584612855,0
1037,Shandon Baptiste,MID,Brentford,24,45,0.3,0.9884159186354856,1
1038,Nathan Aké,DEF,Man City,24,51,2.5,0.9884159186354856,1
1039,Bukayo Saka,MID,Arsenal,24,84,6.3,6.398629607647154,6
1040,Weston McKennie,MID,Leeds,24,50,1.0,0.9975773887433849,1
1041,Trent Alexander-Arnold,DEF,Liverpool,24,73,6.3,8.265784355205376,12
1042,Kiernan Dewsbury-Hall,MID,Leicester,24,49,1.3,0.7959960368862237,1
1043,Mohamed Salah,MID,Liverpool,24,126,6.3,6.035360841001741,6
1044,Carlos Alcaraz,MID,Southampton,24,50,3.5,0.9884159186354856,1
1045,Gavin Bazunu,GK,Southampton,24,45,3.2,7.841945653702359,9
1046,Lyanco Silveira Neves Vojnovic,DEF,Southampton,24,44,0.2,0.9884159186354856,1
1047,Ben Chilwell,DEF,Chelsea,24,58,1.4,1.9911596600751045,2
1048,Lewis Dunk,DEF,Brighton,24,47,3.3,1.9911596600751045,2
1049,Dennis Praet,MID,Leicester,24,48,2.7,0.9884159186354856,1
1050,Wout Faes,DEF,Leicester,24,42,0.7,0.0033647565446305195,0
1051,William Saliba,DEF,Arsenal,24,53,2.0,0.8499750658742785,1
1052,Craig Dawson,DEF,Wolves,24,48,6.2,1.9911596600751045,2
1053,Willian Borges da Silva,MID,Fulham,24,55,3.5,1.9954715189873418,2
1054,Emiliano Buendía Stati,MID,Aston Villa,24,57,2.2,1.8663268399777815,2
1055,Son Heung-min,MID,Spurs,24,116,3.7,7.164205350283453,6
1056,Aaron Ramsdale,GK,Arsenal,24,49,2.5,1.8530655667682323,2
1057,Tyrick Mitchell,DEF,Crystal Palace,24,44,2.3,6.166195254734141,6
1058,Max Kilman,DEF,Wolves,24,44,5.5,1.9911596600751045,2
1059,Dwight McNeil,MID,Everton,24,51,3.7,1.9954715189873418,2
1060,Harry Souttar,DEF,Leicester,24,45,1.3,0.8499750658742785,1
1061,Harry Toffolo,DEF,Nott'm Forest,24,43,-0.7,0.9884159186354856,1
1062,Jefferson Lerma Solís,MID,Bournemouth,24,48,1.2,0.9884159186354856,1
1063,Ezri Konsa Ngoyo,DEF,Aston Villa,24,44,-0.5,0.6646648745908437,0
1064,Benoît Badiashile,DEF,Chelsea,24,50,3.5,1.9911596600751045,2
1065,Chris Mepham,DEF,Bournemouth,24,44,0.8,0.9884159186354856,1
1066,Josh Dasilva,MID,Brentford,24,41,2.3,3.0021118894588934,3
1067,Roberto Firmino,FWD,Liverpool,24,80,0.7,0.9884159186354856,1
1068,João Palhinha Gonçalves,MID,Fulham,24,49,2.3,1.9954715189873418,2
1069,Kieran Trippier,DEF,Newcastle,24,61,1.7,0.8499750658742785,1
1070,Bernd Leno,GK,Fulham,24,45,7.7,10.094707534811251,11
1071,Joe Rothwell,MID,Bournemouth,24,49,0.2,0.9884159186354856,1
1072,Aymeric Laporte,DEF,Man City,24,57,2.0,1.9911596600751045,2
1073,Joelinton Cássio Apolinário de Lira,MID,Newcastle,24,59,1.3,1.8663268399777815,2
1074,Alex Iwobi,MID,Everton,24,54,4.0,8.785875593715808,7
1075,Sven Botman,DEF,Newcastle,24,45,1.3,0.8499750658742785,1
1076,Saïd Benrahma,MID,West Ham,24,55,1.7,0.9884159186354856,1
1077,Fabio Henrique Tavares,MID,Liverpool,24,52,1.7,1.9954715189873418,2
1078,Victor Kristiansen,DEF,Leicester,24,45,1.3,0.8499750658742785,1
1079,Tomas Soucek,MID,West Ham,24,51,1.7,1.8663268399777815,2
1080,Paul Onuachu,FWD,Southampton,24,55,0.8,0.9884159186354856,1
1081,Sean Longstaff,MID,Newcastle,24,43,4.3,1.8663268399777815,2
1082,Tom Davies,MID,Everton,24,49,0.7,0.9884159186354856,1
1083,Granit Xhaka,MID,Arsenal,24,49,2.5,1.8663268399777815,2
1084,Lisandro Martínez,DEF,Man Utd,24,45,2.5,7.328060398055177,6
1085,Pape Matar Sarr,MID,Spurs,24,42,0.7,0.9884159186354856,1
1086,Junior Firpo Adames,DEF,Leeds,24,45,0.8,1.9911596600751045,2
1087,Harvey Barnes,MID,Leicester,24,67,5.3,1.8663268399777815,2
1088,Idrissa Gueye,MID,Everton,24,49,2.7,3.0021118894588934,3
1089,Michail Antonio,FWD,West Ham,24,70,1.7,0.9975773887433849,1
1090,Mohamed Elyounoussi,MID,Southampton,24,52,0.8,3.0021118894588934,3
1091,Mason Mount,MID,Chelsea,24,73,2.5,1.9816808603915574,2
1092,Nayef Aguerd,DEF,West Ham,24,48,0.7,0.8499750658742785,1
1093,Manor Solomon,MID,Fulham,24,49,4.3,6.493602226810378,6
1094,Raúl Jiménez,FWD,Wolves,24,67,1.2,0.9884159186354856,1
1095,Mateus Cardoso Lemos Martins,MID,Leicester,24,55,4.0,1.8663268399777815,2
1096,Kai Havertz,FWD,Chelsea,24,77,2.2,0.9884159186354856,1
1097,Ibrahima Diallo,MID,Southampton,24,42,0.2,0.9884159186354856,1
1098,Adam Armstrong,FWD,Southampton,24,54,0.2,0.9884159186354856,1
1099,Joe Worrall,DEF,Nott'm Forest,24,42,-0.3,0.9582903686318843,1
1100,Jorge Luiz Frello Filho,MID,Arsenal,24,58,2.5,5.103598745258311,5
1101,Georginio Rutter,FWD,Leeds,24,54,1.0,0.9884159186354856,1
1102,Andreas Hoelgebaum Pereira,MID,Fulham,24,44,3.7,3.0021118894588934,3
1103,Rúben Gato Alves Dias,DEF,Man City,24,59,2.0,1.9911596600751045,2
1104,Oleksandr Zinchenko,DEF,Arsenal,24,51,3.3,7.999258606729728,7
1105,Emerson Leite de Souza Junior,DEF,Spurs,24,49,7.3,13.299645479999095,15
1106,Daniel Castelo Podence,MID,Wolves,24,53,0.9,0.9884159186354856,1
1107,Michael Olise,MID,Crystal Palace,24,54,4.0,6.653744174178504,8
1108,Ollie Watkins,FWD,Aston Villa,24,71,8.2,7.666386101806885,8
1109,Adam Smith,DEF,Bournemouth,24,43,1.8,5.0476726863106,5
1110,Leandro Trossard,MID,Arsenal,24,66,3.0,1.8663268399777815,2
1111,Ben Johnson,DEF,West Ham,24,44,1.0,0.9884159186354856,1
1112,Jacob Murphy,MID,Newcastle,24,42,1.0,0.9884159186354856,1
1113,Jamie Vardy,FWD,Leicester,24,91,1.0,0.9884159186354856,1
1114,Benjamin White,DEF,Arsenal,24,47,2.0,0.8499750658742785,1
1115,Antoine Semenyo,FWD,Bournemouth,24,50,0.8,0.9884159186354856,1
1116,Jacob Ramsey,MID,Aston Villa,24,52,0.8,0.7959960368862237,1
1117,Allan Saint-Maximin,MID,Newcastle,24,61,2.0,1.8663268399777815,2
1118,Kaoru Mitoma,MID,Brighton,24,54,5.0,1.9816808603915574,2
1119,Flynn Downes,MID,West Ham,24,42,1.3,1.9816808603915574,2
1120,Norberto Murara Neto,GK,Bournemouth,24,45,5.2,8.178820525807872,10
1121,Issa Diop,DEF,Fulham,24,43,6.7,6.682088320821471,6
1122,Rico Henry,DEF,Brentford,24,45,5.0,1.9911596600751045,2
1123,Harry Wilson,MID,Fulham,24,57,1.3,3.0021118894588934,3
1124,Tim Ream,DEF,Fulham,24,46,7.7,6.802944211917068,6
1125,Kevin Schade,MID,Brentford,24,50,0.7,0.9884159186354856,1
1126,Thilo Kehrer,DEF,West Ham,24,44,1.3,0.8499750658742785,1
1127,Harvey Elliott,MID,Liverpool,24,49,1.0,0.9884159186354856,1
1128,Robin Koch,DEF,Leeds,24,45,1.0,1.9911596600751045,2
1129,Kelechi Iheanacho,FWD,Leicester,24,61,9.7,1.8663268399777815,2
1130,Rayan Aït-Nouri,DEF,Wolves,24,42,2.5,-0.017145547326804775,0
1131,Boubakary Soumaré,MID,Leicester,24,44,0.3,0.9884159186354856,1
1132,Kepa Arrizabalaga,GK,Chelsea,24,47,5.2,1.3150427148346464,2
1133,Yoane Wissa,MID,Brentford,24,53,3.3,3.0021118894588934,3
1134,Marcel Sabitzer,MID,Man Utd,24,50,2.0,3.0021118894588934,3
1135,Adam Webster,DEF,Brighton,24,45,3.0,6.193965428820105,6
1136,James Tarkowski,DEF,Everton,24,43,8.0,7.689434198568193,8
1137,Stefan Bajcetic,MID,Liverpool,24,44,2.0,0.9884159186354856,1
1138,Adama Traoré Diarra,MID,Wolves,24,54,3.8,1.9816808603915574,2
1139,Eric Dier,DEF,Spurs,24,51,4.0,6.458334637191208,7
1140,Neal Maupay,FWD,Everton,24,59,1.0,1.996585269009331,2
1141,Gabriel Martinelli Silva,MID,Arsenal,24,65,3.5,7.071904609791663,6
1142,Evan Ferguson,FWD,Brighton,24,46,1.0,1.996585269009331,2
1143,Neco Williams,DEF,Nott'm Forest,24,39,1.0,0.9884159186354856,1
1144,John McGinn,MID,Aston Villa,24,51,0.5,1.8663268399777815,2
1145,Abdoulaye Doucouré,MID,Everton,24,53,2.0,1.9954715189873418,2
1146,Kobbie Mainoo,MID,Man Utd,24,45,0.2,0.9884159186354856,1
1147,Illan Meslier,GK,Leeds,24,45,2.2,2.5379476167896526,3
1148,Wout Weghorst,FWD,Man Utd,24,59,2.2,1.996585269009331,2
1149,Moisés Caicedo Corozo,MID,Brighton,24,50,1.3,1.9816808603915574,2
1150,David De Gea Quintana,GK,Man Utd,24,50,5.0,7.986769413276118,7
1151,Lukasz Fabianski,GK,West Ham,24,50,2.3,1.8530655667682323,2
1152,Luke Shaw,DEF,Man Utd,24,54,6.0,6.549150903273442,6
1153,Timothy Castagne,DEF,Leicester,24,44,2.0,0.8499750658742785,1
1154,Albert Sambi Lokonga,MID,Crystal Palace,24,43,1.3,3.0021118894588934,3
1155,Richarlison de Andrade,FWD,Spurs,24,84,1.0,2.056585269009331,2
1156,Kenny Tete,DEF,Fulham,24,44,6.0,6.250086631906952,6
1157,Callum Wilson,FWD,Newcastle,24,70,2.0,0.9884159186354856,1
1158,Diego Da Silva Costa,FWD,Wolves,24,54,1.2,0.9884159186354856,1
1159,Kieran Tierney,DEF,Arsenal,24,46,0.7,0.9884159186354856,1
1160,Ilkay Gündogan,MID,Man City,24,73,4.8,1.9816808603915574,2
1161,Patrick Bamford,FWD,Leeds,24,72,2.5,1.9816808603915574,2
1162,Ben Davies,DEF,Spurs,24,48,6.7,10.245238399836644,11
1163,Conor Coady,DEF,Everton,24,49,4.0,6.221470300624343,6
1164,Tyrone Mings,DEF,Aston Villa,24,43,-0.4,0.6646648745908437,0
1165,José Malheiro de Sá,GK,Wolves,24,50,3.8,1.9816808603915574,2
1166,Antonee Robinson,DEF,Fulham,24,44,4.7,5.490863414187373,5
1167,Aaron Wan-Bissaka,DEF,Man Utd,24,43,1.0,0.9884159186354856,1
1168,Matheus Luiz Nunes,MID,Wolves,24,48,2.8,1.9816808603915574,2
1169,Jordan Pickford,GK,Everton,24,44,4.0,6.1538467636193355,6
1170,Pascal Groß,MID,Brighton,24,55,2.3,1.9816808603915574,2
1171,Serge Aurier,DEF,Nott'm Forest,24,45,0.0,1.9911596600751045,2
1172,Rúben da Silva Neves,MID,Wolves,24,54,5.5,1.9816808603915574,2
1173,Emiliano Martínez Romero,GK,Aston Villa,24,49,-0.8,0.681087685785695,-3
1174,David Datro Fofana,FWD,Chelsea,24,50,1.2,0.9884159186354856,1
1175,Christian Nørgaard,MID,Brentford,24,53,2.7,0.9975773887433849,1
1176,Pablo Sarabia,MID,Wolves,24,55,1.8,0.9975773887433849,1
1177,Tariq Lamptey,DEF,Brighton,24,42,2.7,0.9884159186354856,1
1178,Jeffrey Schlupp,MID,Crystal Palace,24,47,3.3,1.9816808603915574,2
1179,Mykhailo Mudryk,MID,Chelsea,24,69,1.8,0.9884159186354856,1
1180,Hamed Traorè,MID,Bournemouth,24,45,2.2,3.0021118894588934,3
1181,Douglas Luiz Soares de Paulo,MID,Aston Villa,24,48,2.2,0.9475499944585344,1
1182,Jordan Ayew,MID,Crystal Palace,24,53,1.7,0.9975773887433849,1
1183,Felipe Augusto de Almeida Monteiro,DEF,Nott'm Forest,24,45,0.0,1.9911596600751045,2
1184,Andrew Robertson,DEF,Liverpool,24,68,4.7,7.7715208877392925,8
1185,Pablo Fornals Malla,MID,West Ham,24,49,0.7,0.9884159186354856,1
1186,Nélson Cabral Semedo,DEF,Wolves,24,50,3.5,1.9911596600751045,2
1187,Harry Kane,FWD,Spurs,24,118,5.0,4.977142857142857,5
1188,Dango Ouattara,MID,Bournemouth,24,50,2.8,0.9884159186354856,1
1189,Diogo Dalot Teixeira,DEF,Man Utd,24,47,4.5,7.3722012657601725,6
1190,Alejandro Garnacho,MID,Man Utd,24,42,2.2,0.9884159186354856,1
1191,Cody Gakpo,MID,Liverpool,24,77,5.3,6.242505974545767,6
1192,Marc Guéhi,DEF,Crystal Palace,24,44,1.7,1.9911596600751045,2
1193,Mikkel Damsgaard,MID,Brentford,24,51,0.7,0.9884159186354856,1
1194,Facundo Buonanotte,MID,Brighton,24,45,0.7,0.9884159186354856,1
1195,Philippe Coutinho Correia,MID,Aston Villa,24,66,2.8,7.91557267836797,8
1196,Dan Burn,DEF,Newcastle,24,46,1.7,0.8499750658742785,1
1197,Mateo Kovacic,MID,Chelsea,24,49,0.8,0.9975773887433849,1
1198,Conor Gallagher,MID,Chelsea,24,57,1.8,0.9884159186354856,1
1199,Kalidou Koulibaly,DEF,Chelsea,24,55,0.5,-0.017145547326804775,0
1200,Joël Veltman,DEF,Brighton,24,46,3.0,1.9911596600751045,2
1201,Boubacar Kamara,MID,Aston Villa,24,48,1.5,1.8663268399777815,2
1202,Naouirou Ahamada,MID,Crystal Palace,24,45,1.0,0.9884159186354856,1
1203,James Ward-Prowse,MID,Southampton,24,62,3.8,11.255856891081002,10
1204,Crysencio Summerville,MID,Leeds,24,42,2.8,3.0021118894588934,3
1205,César Azpilicueta,DEF,Chelsea,24,48,1.5,1.9911596600751045,2
1206,Jadon Sancho,MID,Man Utd,24,71,3.8,7.1098660751794736,6
1207,Joseph Gomez,DEF,Liverpool,24,43,4.7,6.363544203462165,6
1208,Mathias Jensen,MID,Brentford,24,48,4.0,1.9816808603915574,2
1209,Ivan Perišić,DEF,Spurs,24,55,2.0,-0.017145547326804775,0
1210,Eddie Nketiah,FWD,Arsenal,24,68,3.0,1.8663268399777815,2
1211,Virgil van Dijk,DEF,Liverpool,24,65,2.0,7.425451077893578,6
1212,Remo Freuler,MID,Nott'm Forest,24,49,1.3,1.9816808603915574,2
1213,Dejan Kulusevski,MID,Spurs,24,79,2.7,3.0021118894588934,3
1214,Leon Bailey,MID,Aston Villa,24,44,0.8,0.7959960368862237,1
1215,James Maddison,MID,Leicester,24,81,6.7,1.8663268399777815,2
1216,Raheem Sterling,MID,Chelsea,24,97,0.9,0.9884159186354856,1
1217,Jordan Henderson,MID,Liverpool,24,53,1.7,0.9884159186354856,1
1218,Jaidon Anthony,MID,Bournemouth,24,52,1.5,0.9884159186354856,1
1219,Matheus Santos Carneiro Da Cunha,FWD,Wolves,24,55,1.8,1.9816808603915574,2
1220,Darwin Núñez Ribeiro,FWD,Liverpool,24,87,4.0,6.069552194014935,5
1221,André Ayew,MID,Nott'm Forest,24,50,0.0,0.9884159186354856,1
1222,Seamus Coleman,DEF,Everton,24,44,8.0,11.904446800670371,15
1223,Theo Walcott,MID,Southampton,24,48,0.2,0.9884159186354856,1
1224,Vladimir Coufal,DEF,West Ham,24,41,1.3,0.8499750658742785,1
1225,Rasmus Kristensen,DEF,Leeds,24,48,0.2,0.9884159186354856,1
1226,Carlos Vinícius Alves Morais,FWD,Fulham,24,54,1.7,3.6549370589329366,3
1227,Danny Ings,FWD,West Ham,24,64,1.0,0.9884159186354856,1
1228,Renan Augusto Lodi dos Santos,DEF,Nott'm Forest,24,43,2.0,1.9911596600751045,2
1229,Marcus Tavernier,MID,Bournemouth,24,47,2.5,6.2511789710956585,8
1230,Jonjo Shelvey,MID,Nott'm Forest,24,48,0.0,1.9816808603915574,2
1231,Victor Lindelöf,DEF,Man Utd,24,41,2.2,6.985838533821427,7
1232,Miguel Almirón Rejala,MID,Newcastle,24,56,4.3,0.9475499944585344,1
1233,Odsonne Edouard,FWD,Crystal Palace,24,51,1.3,0.9884159186354856,1
1234,Jack Colback,MID,Nott'm Forest,24,41,-0.3,0.9884159186354856,1
1235,Elliot Anderson,MID,Newcastle,24,44,1.0,0.7959960368862237,1
1236,Deniz Undav,FWD,Brighton,24,51,1.3,0.9884159186354856,1
1237,Wilfried Gnonto,FWD,Leeds,24,50,3.5,0.9975773887433849,1
1238,Marcos Senesi,DEF,Bournemouth,24,44,3.4,5.116048754686669,5
1239,Youri Tielemans,MID,Leicester,24,61,0.7,0.9884159186354856,1
1240,Romain Perraud,DEF,Southampton,24,41,2.2,5.0476726863106,5
1241,Jhon Durán,FWD,Aston Villa,24,55,0.5,0.7959960368862237,1
1242,Harrison Reed,MID,Fulham,24,44,3.0,3.0021118894588934,3
1243,Clément Lenglet,DEF,Spurs,24,48,2.0,6.1938272558477445,6
1244,Alexis Mac Allister,MID,Brighton,24,54,1.0,1.9816808603915574,2
1245,Eberechi Eze,MID,Crystal Palace,24,54,3.7,6.674693893724342,9
1246,Anthony Elanga,MID,Man Utd,24,47,0.5,0.9884159186354856,1
1247,Bobby De Cordova-Reid,MID,Fulham,24,55,2.7,3.0021118894588934,3
1248,Gabriel dos Santos Magalhães,DEF,Arsenal,24,52,2.0,0.8499750658742785,1
1249,Emerson Palmieri dos Santos,DEF,West Ham,24,40,4.3,0.8499750658742785,1
1250,Martin Ødegaard,MID,Arsenal,24,70,4.0,5.874103973779309,8
1251,João Filipe Iria Santos Moutinho,MID,Wolves,24,47,1.8,1.9816808603915574,2
1252,Ethan Pinnock,DEF,Brentford,24,44,3.3,1.9911596600751045,2
1253,Vicente Guaita,GK,Crystal Palace,24,44,3.0,2.5379476167896526,3
1254,Nick Pope,GK,Newcastle,24,55,0.7,-2.1,-3
1255,Oliver Skipp,MID,Spurs,24,43,0.7,1.9954715189873418,2
1256,Philip Billing,MID,Bournemouth,24,51,1.8,1.9954715189873418,2
